X,Y,Rot_idx,spectrum_file_path
1,1,0,C:\Users\karth\Downloads\Code_to_convert\trail\3D_recon\3d_spectrum_data\spectrum_1.hist
1,1,1,C:\Users\karth\Downloads\Code_to_convert\trail\3D_recon\3d_spectrum_data\spectrum_2.hist
1,1,2,C:\Users\karth\Downloads\Code_to_convert\trail\3D_recon\3d_spectrum_data\spectrum_3.hist
1,1,3,C:\Users\karth\Downloads\Code_to_convert\trail\3D_recon\3d_spectrum_data\spectrum_4.hist
1,1,4,C:\Users\karth\Downloads\Code_to_convert\trail\3D_recon\3d_spectrum_data\spectrum_5.hist
1,1,5,C:\Users\karth\Downloads\Code_to_convert\trail\3D_recon\3d_spectrum_data\spectrum_6.hist
1,1,6,C:\Users\karth\Downloads\Code_to_convert\trail\3D_recon\3d_spectrum_data\spectrum_7.hist
1,1,7,C:\Users\karth\Downloads\Code_to_convert\trail\3D_recon\3d_spectrum_data\spectrum_8.hist
1,1,8,C:\Users\karth\Downloads\Code_to_convert\trail\3D_recon\3d_spectrum_data\spectrum_9.hist
1,1,9,C:\Users\karth\Downloads\Code_to_convert\trail\3D_recon\3d_spectrum_data\spectrum_10.hist
1,2,0,C:\Users\karth\Downloads\Code_to_convert\trail\3D_recon\3d_spectrum_data\spectrum_11.hist
1,2,1,C:\Users\karth\Downloads\Code_to_convert\trail\3D_recon\3d_spectrum_data\spectrum_12.hist
1,2,2,C:\Users\karth\Downloads\Code_to_convert\trail\3D_recon\3d_spectrum_data\spectrum_13.hist
1,2,3,C:\Users\karth\Downloads\Code_to_convert\trail\3D_recon\3d_spectrum_data\spectrum_14.hist
1,2,4,C:\Users\karth\Downloads\Code_to_convert\trail\3D_recon\3d_spectrum_data\spectrum_15.hist
1,2,5,C:\Users\karth\Downloads\Code_to_convert\trail\3D_recon\3d_spectrum_data\spectrum_16.hist
1,2,6,C:\Users\karth\Downloads\Code_to_convert\trail\3D_recon\3d_spectrum_data\spectrum_17.hist
1,2,7,C:\Users\karth\Downloads\Code_to_convert\trail\3D_recon\3d_spectrum_data\spectrum_18.hist
1,2,8,C:\Users\karth\Downloads\Code_to_convert\trail\3D_recon\3d_spectrum_data\spectrum_19.hist
1,2,9,C:\Users\karth\Downloads\Code_to_convert\trail\3D_recon\3d_spectrum_data\spectrum_20.hist
1,3,0,C:\Users\karth\Downloads\Code_to_convert\trail\3D_recon\3d_spectrum_data\spectrum_21.hist
1,3,1,C:\Users\karth\Downloads\Code_to_convert\trail\3D_recon\3d_spectrum_data\spectrum_22.hist
1,3,2,C:\Users\karth\Downloads\Code_to_convert\trail\3D_recon\3d_spectrum_data\spectrum_23.hist
1,3,3,C:\Users\karth\Downloads\Code_to_convert\trail\3D_recon\3d_spectrum_data\spectrum_24.hist
1,3,4,C:\Users\karth\Downloads\Code_to_convert\trail\3D_recon\3d_spectrum_data\spectrum_25.hist
1,3,5,C:\Users\karth\Downloads\Code_to_convert\trail\3D_recon\3d_spectrum_data\spectrum_26.hist
1,3,6,C:\Users\karth\Downloads\Code_to_convert\trail\3D_recon\3d_spectrum_data\spectrum_27.hist
1,3,7,C:\Users\karth\Downloads\Code_to_convert\trail\3D_recon\3d_spectrum_data\spectrum_28.hist
1,3,8,C:\Users\karth\Downloads\Code_to_convert\trail\3D_recon\3d_spectrum_data\spectrum_29.hist
1,3,9,C:\Users\karth\Downloads\Code_to_convert\trail\3D_recon\3d_spectrum_data\spectrum_30.hist
1,4,0,C:\Users\karth\Downloads\Code_to_convert\trail\3D_recon\3d_spectrum_data\spectrum_31.hist
1,4,1,C:\Users\karth\Downloads\Code_to_convert\trail\3D_recon\3d_spectrum_data\spectrum_32.hist
1,4,2,C:\Users\karth\Downloads\Code_to_convert\trail\3D_recon\3d_spectrum_data\spectrum_33.hist
1,4,3,C:\Users\karth\Downloads\Code_to_convert\trail\3D_recon\3d_spectrum_data\spectrum_34.hist
1,4,4,C:\Users\karth\Downloads\Code_to_convert\trail\3D_recon\3d_spectrum_data\spectrum_35.hist
1,4,5,C:\Users\karth\Downloads\Code_to_convert\trail\3D_recon\3d_spectrum_data\spectrum_36.hist
1,4,6,C:\Users\karth\Downloads\Code_to_convert\trail\3D_recon\3d_spectrum_data\spectrum_37.hist
1,4,7,C:\Users\karth\Downloads\Code_to_convert\trail\3D_recon\3d_spectrum_data\spectrum_38.hist
1,4,8,C:\Users\karth\Downloads\Code_to_convert\trail\3D_recon\3d_spectrum_data\spectrum_39.hist
1,4,9,C:\Users\karth\Downloads\Code_to_convert\trail\3D_recon\3d_spectrum_data\spectrum_40.hist
1,5,0,C:\Users\karth\Downloads\Code_to_convert\trail\3D_recon\3d_spectrum_data\spectrum_41.hist
1,5,1,C:\Users\karth\Downloads\Code_to_convert\trail\3D_recon\3d_spectrum_data\spectrum_42.hist
1,5,2,C:\Users\karth\Downloads\Code_to_convert\trail\3D_recon\3d_spectrum_data\spectrum_43.hist
1,5,3,C:\Users\karth\Downloads\Code_to_convert\trail\3D_recon\3d_spectrum_data\spectrum_44.hist
1,5,4,C:\Users\karth\Downloads\Code_to_convert\trail\3D_recon\3d_spectrum_data\spectrum_45.hist
1,5,5,C:\Users\karth\Downloads\Code_to_convert\trail\3D_recon\3d_spectrum_data\spectrum_46.hist
1,5,6,C:\Users\karth\Downloads\Code_to_convert\trail\3D_recon\3d_spectrum_data\spectrum_47.hist
1,5,7,C:\Users\karth\Downloads\Code_to_convert\trail\3D_recon\3d_spectrum_data\spectrum_48.hist
1,5,8,C:\Users\karth\Downloads\Code_to_convert\trail\3D_recon\3d_spectrum_data\spectrum_49.hist
1,5,9,C:\Users\karth\Downloads\Code_to_convert\trail\3D_recon\3d_spectrum_data\spectrum_50.hist
1,6,0,C:\Users\karth\Downloads\Code_to_convert\trail\3D_recon\3d_spectrum_data\spectrum_51.hist
1,6,1,C:\Users\karth\Downloads\Code_to_convert\trail\3D_recon\3d_spectrum_data\spectrum_52.hist
1,6,2,C:\Users\karth\Downloads\Code_to_convert\trail\3D_recon\3d_spectrum_data\spectrum_53.hist
1,6,3,C:\Users\karth\Downloads\Code_to_convert\trail\3D_recon\3d_spectrum_data\spectrum_54.hist
1,6,4,C:\Users\karth\Downloads\Code_to_convert\trail\3D_recon\3d_spectrum_data\spectrum_55.hist
1,6,5,C:\Users\karth\Downloads\Code_to_convert\trail\3D_recon\3d_spectrum_data\spectrum_56.hist
1,6,6,C:\Users\karth\Downloads\Code_to_convert\trail\3D_recon\3d_spectrum_data\spectrum_57.hist
1,6,7,C:\Users\karth\Downloads\Code_to_convert\trail\3D_recon\3d_spectrum_data\spectrum_58.hist
1,6,8,C:\Users\karth\Downloads\Code_to_convert\trail\3D_recon\3d_spectrum_data\spectrum_59.hist
1,6,9,C:\Users\karth\Downloads\Code_to_convert\trail\3D_recon\3d_spectrum_data\spectrum_60.hist
1,7,0,C:\Users\karth\Downloads\Code_to_convert\trail\3D_recon\3d_spectrum_data\spectrum_61.hist
1,7,1,C:\Users\karth\Downloads\Code_to_convert\trail\3D_recon\3d_spectrum_data\spectrum_62.hist
1,7,2,C:\Users\karth\Downloads\Code_to_convert\trail\3D_recon\3d_spectrum_data\spectrum_63.hist
1,7,3,C:\Users\karth\Downloads\Code_to_convert\trail\3D_recon\3d_spectrum_data\spectrum_64.hist
1,7,4,C:\Users\karth\Downloads\Code_to_convert\trail\3D_recon\3d_spectrum_data\spectrum_65.hist
1,7,5,C:\Users\karth\Downloads\Code_to_convert\trail\3D_recon\3d_spectrum_data\spectrum_66.hist
1,7,6,C:\Users\karth\Downloads\Code_to_convert\trail\3D_recon\3d_spectrum_data\spectrum_67.hist
1,7,7,C:\Users\karth\Downloads\Code_to_convert\trail\3D_recon\3d_spectrum_data\spectrum_68.hist
1,7,8,C:\Users\karth\Downloads\Code_to_convert\trail\3D_recon\3d_spectrum_data\spectrum_69.hist
1,7,9,C:\Users\karth\Downloads\Code_to_convert\trail\3D_recon\3d_spectrum_data\spectrum_70.hist
1,8,0,C:\Users\karth\Downloads\Code_to_convert\trail\3D_recon\3d_spectrum_data\spectrum_71.hist
1,8,1,C:\Users\karth\Downloads\Code_to_convert\trail\3D_recon\3d_spectrum_data\spectrum_72.hist
1,8,2,C:\Users\karth\Downloads\Code_to_convert\trail\3D_recon\3d_spectrum_data\spectrum_73.hist
1,8,3,C:\Users\karth\Downloads\Code_to_convert\trail\3D_recon\3d_spectrum_data\spectrum_74.hist
1,8,4,C:\Users\karth\Downloads\Code_to_convert\trail\3D_recon\3d_spectrum_data\spectrum_75.hist
1,8,5,C:\Users\karth\Downloads\Code_to_convert\trail\3D_recon\3d_spectrum_data\spectrum_76.hist
1,8,6,C:\Users\karth\Downloads\Code_to_convert\trail\3D_recon\3d_spectrum_data\spectrum_77.hist
1,8,7,C:\Users\karth\Downloads\Code_to_convert\trail\3D_recon\3d_spectrum_data\spectrum_78.hist
1,8,8,C:\Users\karth\Downloads\Code_to_convert\trail\3D_recon\3d_spectrum_data\spectrum_79.hist
1,8,9,C:\Users\karth\Downloads\Code_to_convert\trail\3D_recon\3d_spectrum_data\spectrum_80.hist
1,9,0,C:\Users\karth\Downloads\Code_to_convert\trail\3D_recon\3d_spectrum_data\spectrum_81.hist
1,9,1,C:\Users\karth\Downloads\Code_to_convert\trail\3D_recon\3d_spectrum_data\spectrum_82.hist
1,9,2,C:\Users\karth\Downloads\Code_to_convert\trail\3D_recon\3d_spectrum_data\spectrum_83.hist
1,9,3,C:\Users\karth\Downloads\Code_to_convert\trail\3D_recon\3d_spectrum_data\spectrum_84.hist
1,9,4,C:\Users\karth\Downloads\Code_to_convert\trail\3D_recon\3d_spectrum_data\spectrum_85.hist
1,9,5,C:\Users\karth\Downloads\Code_to_convert\trail\3D_recon\3d_spectrum_data\spectrum_86.hist
1,9,6,C:\Users\karth\Downloads\Code_to_convert\trail\3D_recon\3d_spectrum_data\spectrum_87.hist
1,9,7,C:\Users\karth\Downloads\Code_to_convert\trail\3D_recon\3d_spectrum_data\spectrum_88.hist
1,9,8,C:\Users\karth\Downloads\Code_to_convert\trail\3D_recon\3d_spectrum_data\spectrum_89.hist
1,9,9,C:\Users\karth\Downloads\Code_to_convert\trail\3D_recon\3d_spectrum_data\spectrum_90.hist
1,10,0,C:\Users\karth\Downloads\Code_to_convert\trail\3D_recon\3d_spectrum_data\spectrum_91.hist
1,10,1,C:\Users\karth\Downloads\Code_to_convert\trail\3D_recon\3d_spectrum_data\spectrum_92.hist
1,10,2,C:\Users\karth\Downloads\Code_to_convert\trail\3D_recon\3d_spectrum_data\spectrum_93.hist
1,10,3,C:\Users\karth\Downloads\Code_to_convert\trail\3D_recon\3d_spectrum_data\spectrum_94.hist
1,10,4,C:\Users\karth\Downloads\Code_to_convert\trail\3D_recon\3d_spectrum_data\spectrum_95.hist
1,10,5,C:\Users\karth\Downloads\Code_to_convert\trail\3D_recon\3d_spectrum_data\spectrum_96.hist
1,10,6,C:\Users\karth\Downloads\Code_to_convert\trail\3D_recon\3d_spectrum_data\spectrum_97.hist
1,10,7,C:\Users\karth\Downloads\Code_to_convert\trail\3D_recon\3d_spectrum_data\spectrum_98.hist
1,10,8,C:\Users\karth\Downloads\Code_to_convert\trail\3D_recon\3d_spectrum_data\spectrum_99.hist
1,10,9,C:\Users\karth\Downloads\Code_to_convert\trail\3D_recon\3d_spectrum_data\spectrum_100.hist
2,1,0,C:\Users\karth\Downloads\Code_to_convert\trail\3D_recon\3d_spectrum_data\spectrum_101.hist
2,1,1,C:\Users\karth\Downloads\Code_to_convert\trail\3D_recon\3d_spectrum_data\spectrum_102.hist
2,1,2,C:\Users\karth\Downloads\Code_to_convert\trail\3D_recon\3d_spectrum_data\spectrum_103.hist
2,1,3,C:\Users\karth\Downloads\Code_to_convert\trail\3D_recon\3d_spectrum_data\spectrum_104.hist
2,1,4,C:\Users\karth\Downloads\Code_to_convert\trail\3D_recon\3d_spectrum_data\spectrum_105.hist
2,1,5,C:\Users\karth\Downloads\Code_to_convert\trail\3D_recon\3d_spectrum_data\spectrum_106.hist
2,1,6,C:\Users\karth\Downloads\Code_to_convert\trail\3D_recon\3d_spectrum_data\spectrum_107.hist
2,1,7,C:\Users\karth\Downloads\Code_to_convert\trail\3D_recon\3d_spectrum_data\spectrum_108.hist
2,1,8,C:\Users\karth\Downloads\Code_to_convert\trail\3D_recon\3d_spectrum_data\spectrum_109.hist
2,1,9,C:\Users\karth\Downloads\Code_to_convert\trail\3D_recon\3d_spectrum_data\spectrum_110.hist
2,2,0,C:\Users\karth\Downloads\Code_to_convert\trail\3D_recon\3d_spectrum_data\spectrum_111.hist
2,2,1,C:\Users\karth\Downloads\Code_to_convert\trail\3D_recon\3d_spectrum_data\spectrum_112.hist
2,2,2,C:\Users\karth\Downloads\Code_to_convert\trail\3D_recon\3d_spectrum_data\spectrum_113.hist
2,2,3,C:\Users\karth\Downloads\Code_to_convert\trail\3D_recon\3d_spectrum_data\spectrum_114.hist
2,2,4,C:\Users\karth\Downloads\Code_to_convert\trail\3D_recon\3d_spectrum_data\spectrum_115.hist
2,2,5,C:\Users\karth\Downloads\Code_to_convert\trail\3D_recon\3d_spectrum_data\spectrum_116.hist
2,2,6,C:\Users\karth\Downloads\Code_to_convert\trail\3D_recon\3d_spectrum_data\spectrum_117.hist
2,2,7,C:\Users\karth\Downloads\Code_to_convert\trail\3D_recon\3d_spectrum_data\spectrum_118.hist
2,2,8,C:\Users\karth\Downloads\Code_to_convert\trail\3D_recon\3d_spectrum_data\spectrum_119.hist
2,2,9,C:\Users\karth\Downloads\Code_to_convert\trail\3D_recon\3d_spectrum_data\spectrum_120.hist
2,3,0,C:\Users\karth\Downloads\Code_to_convert\trail\3D_recon\3d_spectrum_data\spectrum_121.hist
2,3,1,C:\Users\karth\Downloads\Code_to_convert\trail\3D_recon\3d_spectrum_data\spectrum_122.hist
2,3,2,C:\Users\karth\Downloads\Code_to_convert\trail\3D_recon\3d_spectrum_data\spectrum_123.hist
2,3,3,C:\Users\karth\Downloads\Code_to_convert\trail\3D_recon\3d_spectrum_data\spectrum_124.hist
2,3,4,C:\Users\karth\Downloads\Code_to_convert\trail\3D_recon\3d_spectrum_data\spectrum_125.hist
2,3,5,C:\Users\karth\Downloads\Code_to_convert\trail\3D_recon\3d_spectrum_data\spectrum_126.hist
2,3,6,C:\Users\karth\Downloads\Code_to_convert\trail\3D_recon\3d_spectrum_data\spectrum_127.hist
2,3,7,C:\Users\karth\Downloads\Code_to_convert\trail\3D_recon\3d_spectrum_data\spectrum_128.hist
2,3,8,C:\Users\karth\Downloads\Code_to_convert\trail\3D_recon\3d_spectrum_data\spectrum_129.hist
2,3,9,C:\Users\karth\Downloads\Code_to_convert\trail\3D_recon\3d_spectrum_data\spectrum_130.hist
2,4,0,C:\Users\karth\Downloads\Code_to_convert\trail\3D_recon\3d_spectrum_data\spectrum_131.hist
2,4,1,C:\Users\karth\Downloads\Code_to_convert\trail\3D_recon\3d_spectrum_data\spectrum_132.hist
2,4,2,C:\Users\karth\Downloads\Code_to_convert\trail\3D_recon\3d_spectrum_data\spectrum_133.hist
2,4,3,C:\Users\karth\Downloads\Code_to_convert\trail\3D_recon\3d_spectrum_data\spectrum_134.hist
2,4,4,C:\Users\karth\Downloads\Code_to_convert\trail\3D_recon\3d_spectrum_data\spectrum_135.hist
2,4,5,C:\Users\karth\Downloads\Code_to_convert\trail\3D_recon\3d_spectrum_data\spectrum_136.hist
2,4,6,C:\Users\karth\Downloads\Code_to_convert\trail\3D_recon\3d_spectrum_data\spectrum_137.hist
2,4,7,C:\Users\karth\Downloads\Code_to_convert\trail\3D_recon\3d_spectrum_data\spectrum_138.hist
2,4,8,C:\Users\karth\Downloads\Code_to_convert\trail\3D_recon\3d_spectrum_data\spectrum_139.hist
2,4,9,C:\Users\karth\Downloads\Code_to_convert\trail\3D_recon\3d_spectrum_data\spectrum_140.hist
2,5,0,C:\Users\karth\Downloads\Code_to_convert\trail\3D_recon\3d_spectrum_data\spectrum_141.hist
2,5,1,C:\Users\karth\Downloads\Code_to_convert\trail\3D_recon\3d_spectrum_data\spectrum_142.hist
2,5,2,C:\Users\karth\Downloads\Code_to_convert\trail\3D_recon\3d_spectrum_data\spectrum_143.hist
2,5,3,C:\Users\karth\Downloads\Code_to_convert\trail\3D_recon\3d_spectrum_data\spectrum_144.hist
2,5,4,C:\Users\karth\Downloads\Code_to_convert\trail\3D_recon\3d_spectrum_data\spectrum_145.hist
2,5,5,C:\Users\karth\Downloads\Code_to_convert\trail\3D_recon\3d_spectrum_data\spectrum_146.hist
2,5,6,C:\Users\karth\Downloads\Code_to_convert\trail\3D_recon\3d_spectrum_data\spectrum_147.hist
2,5,7,C:\Users\karth\Downloads\Code_to_convert\trail\3D_recon\3d_spectrum_data\spectrum_148.hist
2,5,8,C:\Users\karth\Downloads\Code_to_convert\trail\3D_recon\3d_spectrum_data\spectrum_149.hist
2,5,9,C:\Users\karth\Downloads\Code_to_convert\trail\3D_recon\3d_spectrum_data\spectrum_150.hist
2,6,0,C:\Users\karth\Downloads\Code_to_convert\trail\3D_recon\3d_spectrum_data\spectrum_151.hist
2,6,1,C:\Users\karth\Downloads\Code_to_convert\trail\3D_recon\3d_spectrum_data\spectrum_152.hist
2,6,2,C:\Users\karth\Downloads\Code_to_convert\trail\3D_recon\3d_spectrum_data\spectrum_153.hist
2,6,3,C:\Users\karth\Downloads\Code_to_convert\trail\3D_recon\3d_spectrum_data\spectrum_154.hist
2,6,4,C:\Users\karth\Downloads\Code_to_convert\trail\3D_recon\3d_spectrum_data\spectrum_155.hist
2,6,5,C:\Users\karth\Downloads\Code_to_convert\trail\3D_recon\3d_spectrum_data\spectrum_156.hist
2,6,6,C:\Users\karth\Downloads\Code_to_convert\trail\3D_recon\3d_spectrum_data\spectrum_157.hist
2,6,7,C:\Users\karth\Downloads\Code_to_convert\trail\3D_recon\3d_spectrum_data\spectrum_158.hist
2,6,8,C:\Users\karth\Downloads\Code_to_convert\trail\3D_recon\3d_spectrum_data\spectrum_159.hist
2,6,9,C:\Users\karth\Downloads\Code_to_convert\trail\3D_recon\3d_spectrum_data\spectrum_160.hist
2,7,0,C:\Users\karth\Downloads\Code_to_convert\trail\3D_recon\3d_spectrum_data\spectrum_161.hist
2,7,1,C:\Users\karth\Downloads\Code_to_convert\trail\3D_recon\3d_spectrum_data\spectrum_162.hist
2,7,2,C:\Users\karth\Downloads\Code_to_convert\trail\3D_recon\3d_spectrum_data\spectrum_163.hist
2,7,3,C:\Users\karth\Downloads\Code_to_convert\trail\3D_recon\3d_spectrum_data\spectrum_164.hist
2,7,4,C:\Users\karth\Downloads\Code_to_convert\trail\3D_recon\3d_spectrum_data\spectrum_165.hist
2,7,5,C:\Users\karth\Downloads\Code_to_convert\trail\3D_recon\3d_spectrum_data\spectrum_166.hist
2,7,6,C:\Users\karth\Downloads\Code_to_convert\trail\3D_recon\3d_spectrum_data\spectrum_167.hist
2,7,7,C:\Users\karth\Downloads\Code_to_convert\trail\3D_recon\3d_spectrum_data\spectrum_168.hist
2,7,8,C:\Users\karth\Downloads\Code_to_convert\trail\3D_recon\3d_spectrum_data\spectrum_169.hist
2,7,9,C:\Users\karth\Downloads\Code_to_convert\trail\3D_recon\3d_spectrum_data\spectrum_170.hist
2,8,0,C:\Users\karth\Downloads\Code_to_convert\trail\3D_recon\3d_spectrum_data\spectrum_171.hist
2,8,1,C:\Users\karth\Downloads\Code_to_convert\trail\3D_recon\3d_spectrum_data\spectrum_172.hist
2,8,2,C:\Users\karth\Downloads\Code_to_convert\trail\3D_recon\3d_spectrum_data\spectrum_173.hist
2,8,3,C:\Users\karth\Downloads\Code_to_convert\trail\3D_recon\3d_spectrum_data\spectrum_174.hist
2,8,4,C:\Users\karth\Downloads\Code_to_convert\trail\3D_recon\3d_spectrum_data\spectrum_175.hist
2,8,5,C:\Users\karth\Downloads\Code_to_convert\trail\3D_recon\3d_spectrum_data\spectrum_176.hist
2,8,6,C:\Users\karth\Downloads\Code_to_convert\trail\3D_recon\3d_spectrum_data\spectrum_177.hist
2,8,7,C:\Users\karth\Downloads\Code_to_convert\trail\3D_recon\3d_spectrum_data\spectrum_178.hist
2,8,8,C:\Users\karth\Downloads\Code_to_convert\trail\3D_recon\3d_spectrum_data\spectrum_179.hist
2,8,9,C:\Users\karth\Downloads\Code_to_convert\trail\3D_recon\3d_spectrum_data\spectrum_180.hist
2,9,0,C:\Users\karth\Downloads\Code_to_convert\trail\3D_recon\3d_spectrum_data\spectrum_181.hist
2,9,1,C:\Users\karth\Downloads\Code_to_convert\trail\3D_recon\3d_spectrum_data\spectrum_182.hist
2,9,2,C:\Users\karth\Downloads\Code_to_convert\trail\3D_recon\3d_spectrum_data\spectrum_183.hist
2,9,3,C:\Users\karth\Downloads\Code_to_convert\trail\3D_recon\3d_spectrum_data\spectrum_184.hist
2,9,4,C:\Users\karth\Downloads\Code_to_convert\trail\3D_recon\3d_spectrum_data\spectrum_185.hist
2,9,5,C:\Users\karth\Downloads\Code_to_convert\trail\3D_recon\3d_spectrum_data\spectrum_186.hist
2,9,6,C:\Users\karth\Downloads\Code_to_convert\trail\3D_recon\3d_spectrum_data\spectrum_187.hist
2,9,7,C:\Users\karth\Downloads\Code_to_convert\trail\3D_recon\3d_spectrum_data\spectrum_188.hist
2,9,8,C:\Users\karth\Downloads\Code_to_convert\trail\3D_recon\3d_spectrum_data\spectrum_189.hist
2,9,9,C:\Users\karth\Downloads\Code_to_convert\trail\3D_recon\3d_spectrum_data\spectrum_190.hist
2,10,0,C:\Users\karth\Downloads\Code_to_convert\trail\3D_recon\3d_spectrum_data\spectrum_191.hist
2,10,1,C:\Users\karth\Downloads\Code_to_convert\trail\3D_recon\3d_spectrum_data\spectrum_192.hist
2,10,2,C:\Users\karth\Downloads\Code_to_convert\trail\3D_recon\3d_spectrum_data\spectrum_193.hist
2,10,3,C:\Users\karth\Downloads\Code_to_convert\trail\3D_recon\3d_spectrum_data\spectrum_194.hist
2,10,4,C:\Users\karth\Downloads\Code_to_convert\trail\3D_recon\3d_spectrum_data\spectrum_195.hist
2,10,5,C:\Users\karth\Downloads\Code_to_convert\trail\3D_recon\3d_spectrum_data\spectrum_196.hist
2,10,6,C:\Users\karth\Downloads\Code_to_convert\trail\3D_recon\3d_spectrum_data\spectrum_197.hist
2,10,7,C:\Users\karth\Downloads\Code_to_convert\trail\3D_recon\3d_spectrum_data\spectrum_198.hist
2,10,8,C:\Users\karth\Downloads\Code_to_convert\trail\3D_recon\3d_spectrum_data\spectrum_199.hist
2,10,9,C:\Users\karth\Downloads\Code_to_convert\trail\3D_recon\3d_spectrum_data\spectrum_200.hist
3,1,0,C:\Users\karth\Downloads\Code_to_convert\trail\3D_recon\3d_spectrum_data\spectrum_201.hist
3,1,1,C:\Users\karth\Downloads\Code_to_convert\trail\3D_recon\3d_spectrum_data\spectrum_202.hist
3,1,2,C:\Users\karth\Downloads\Code_to_convert\trail\3D_recon\3d_spectrum_data\spectrum_203.hist
3,1,3,C:\Users\karth\Downloads\Code_to_convert\trail\3D_recon\3d_spectrum_data\spectrum_204.hist
3,1,4,C:\Users\karth\Downloads\Code_to_convert\trail\3D_recon\3d_spectrum_data\spectrum_205.hist
3,1,5,C:\Users\karth\Downloads\Code_to_convert\trail\3D_recon\3d_spectrum_data\spectrum_206.hist
3,1,6,C:\Users\karth\Downloads\Code_to_convert\trail\3D_recon\3d_spectrum_data\spectrum_207.hist
3,1,7,C:\Users\karth\Downloads\Code_to_convert\trail\3D_recon\3d_spectrum_data\spectrum_208.hist
3,1,8,C:\Users\karth\Downloads\Code_to_convert\trail\3D_recon\3d_spectrum_data\spectrum_209.hist
3,1,9,C:\Users\karth\Downloads\Code_to_convert\trail\3D_recon\3d_spectrum_data\spectrum_210.hist
3,2,0,C:\Users\karth\Downloads\Code_to_convert\trail\3D_recon\3d_spectrum_data\spectrum_211.hist
3,2,1,C:\Users\karth\Downloads\Code_to_convert\trail\3D_recon\3d_spectrum_data\spectrum_212.hist
3,2,2,C:\Users\karth\Downloads\Code_to_convert\trail\3D_recon\3d_spectrum_data\spectrum_213.hist
3,2,3,C:\Users\karth\Downloads\Code_to_convert\trail\3D_recon\3d_spectrum_data\spectrum_214.hist
3,2,4,C:\Users\karth\Downloads\Code_to_convert\trail\3D_recon\3d_spectrum_data\spectrum_215.hist
3,2,5,C:\Users\karth\Downloads\Code_to_convert\trail\3D_recon\3d_spectrum_data\spectrum_216.hist
3,2,6,C:\Users\karth\Downloads\Code_to_convert\trail\3D_recon\3d_spectrum_data\spectrum_217.hist
3,2,7,C:\Users\karth\Downloads\Code_to_convert\trail\3D_recon\3d_spectrum_data\spectrum_218.hist
3,2,8,C:\Users\karth\Downloads\Code_to_convert\trail\3D_recon\3d_spectrum_data\spectrum_219.hist
3,2,9,C:\Users\karth\Downloads\Code_to_convert\trail\3D_recon\3d_spectrum_data\spectrum_220.hist
3,3,0,C:\Users\karth\Downloads\Code_to_convert\trail\3D_recon\3d_spectrum_data\spectrum_221.hist
3,3,1,C:\Users\karth\Downloads\Code_to_convert\trail\3D_recon\3d_spectrum_data\spectrum_222.hist
3,3,2,C:\Users\karth\Downloads\Code_to_convert\trail\3D_recon\3d_spectrum_data\spectrum_223.hist
3,3,3,C:\Users\karth\Downloads\Code_to_convert\trail\3D_recon\3d_spectrum_data\spectrum_224.hist
3,3,4,C:\Users\karth\Downloads\Code_to_convert\trail\3D_recon\3d_spectrum_data\spectrum_225.hist
3,3,5,C:\Users\karth\Downloads\Code_to_convert\trail\3D_recon\3d_spectrum_data\spectrum_226.hist
3,3,6,C:\Users\karth\Downloads\Code_to_convert\trail\3D_recon\3d_spectrum_data\spectrum_227.hist
3,3,7,C:\Users\karth\Downloads\Code_to_convert\trail\3D_recon\3d_spectrum_data\spectrum_228.hist
3,3,8,C:\Users\karth\Downloads\Code_to_convert\trail\3D_recon\3d_spectrum_data\spectrum_229.hist
3,3,9,C:\Users\karth\Downloads\Code_to_convert\trail\3D_recon\3d_spectrum_data\spectrum_230.hist
3,4,0,C:\Users\karth\Downloads\Code_to_convert\trail\3D_recon\3d_spectrum_data\spectrum_231.hist
3,4,1,C:\Users\karth\Downloads\Code_to_convert\trail\3D_recon\3d_spectrum_data\spectrum_232.hist
3,4,2,C:\Users\karth\Downloads\Code_to_convert\trail\3D_recon\3d_spectrum_data\spectrum_233.hist
3,4,3,C:\Users\karth\Downloads\Code_to_convert\trail\3D_recon\3d_spectrum_data\spectrum_234.hist
3,4,4,C:\Users\karth\Downloads\Code_to_convert\trail\3D_recon\3d_spectrum_data\spectrum_235.hist
3,4,5,C:\Users\karth\Downloads\Code_to_convert\trail\3D_recon\3d_spectrum_data\spectrum_236.hist
3,4,6,C:\Users\karth\Downloads\Code_to_convert\trail\3D_recon\3d_spectrum_data\spectrum_237.hist
3,4,7,C:\Users\karth\Downloads\Code_to_convert\trail\3D_recon\3d_spectrum_data\spectrum_238.hist
3,4,8,C:\Users\karth\Downloads\Code_to_convert\trail\3D_recon\3d_spectrum_data\spectrum_239.hist
3,4,9,C:\Users\karth\Downloads\Code_to_convert\trail\3D_recon\3d_spectrum_data\spectrum_240.hist
3,5,0,C:\Users\karth\Downloads\Code_to_convert\trail\3D_recon\3d_spectrum_data\spectrum_241.hist
3,5,1,C:\Users\karth\Downloads\Code_to_convert\trail\3D_recon\3d_spectrum_data\spectrum_242.hist
3,5,2,C:\Users\karth\Downloads\Code_to_convert\trail\3D_recon\3d_spectrum_data\spectrum_243.hist
3,5,3,C:\Users\karth\Downloads\Code_to_convert\trail\3D_recon\3d_spectrum_data\spectrum_244.hist
3,5,4,C:\Users\karth\Downloads\Code_to_convert\trail\3D_recon\3d_spectrum_data\spectrum_245.hist
3,5,5,C:\Users\karth\Downloads\Code_to_convert\trail\3D_recon\3d_spectrum_data\spectrum_246.hist
3,5,6,C:\Users\karth\Downloads\Code_to_convert\trail\3D_recon\3d_spectrum_data\spectrum_247.hist
3,5,7,C:\Users\karth\Downloads\Code_to_convert\trail\3D_recon\3d_spectrum_data\spectrum_248.hist
3,5,8,C:\Users\karth\Downloads\Code_to_convert\trail\3D_recon\3d_spectrum_data\spectrum_249.hist
3,5,9,C:\Users\karth\Downloads\Code_to_convert\trail\3D_recon\3d_spectrum_data\spectrum_250.hist
3,6,0,C:\Users\karth\Downloads\Code_to_convert\trail\3D_recon\3d_spectrum_data\spectrum_251.hist
3,6,1,C:\Users\karth\Downloads\Code_to_convert\trail\3D_recon\3d_spectrum_data\spectrum_252.hist
3,6,2,C:\Users\karth\Downloads\Code_to_convert\trail\3D_recon\3d_spectrum_data\spectrum_253.hist
3,6,3,C:\Users\karth\Downloads\Code_to_convert\trail\3D_recon\3d_spectrum_data\spectrum_254.hist
3,6,4,C:\Users\karth\Downloads\Code_to_convert\trail\3D_recon\3d_spectrum_data\spectrum_255.hist
3,6,5,C:\Users\karth\Downloads\Code_to_convert\trail\3D_recon\3d_spectrum_data\spectrum_256.hist
3,6,6,C:\Users\karth\Downloads\Code_to_convert\trail\3D_recon\3d_spectrum_data\spectrum_257.hist
3,6,7,C:\Users\karth\Downloads\Code_to_convert\trail\3D_recon\3d_spectrum_data\spectrum_258.hist
3,6,8,C:\Users\karth\Downloads\Code_to_convert\trail\3D_recon\3d_spectrum_data\spectrum_259.hist
3,6,9,C:\Users\karth\Downloads\Code_to_convert\trail\3D_recon\3d_spectrum_data\spectrum_260.hist
3,7,0,C:\Users\karth\Downloads\Code_to_convert\trail\3D_recon\3d_spectrum_data\spectrum_261.hist
3,7,1,C:\Users\karth\Downloads\Code_to_convert\trail\3D_recon\3d_spectrum_data\spectrum_262.hist
3,7,2,C:\Users\karth\Downloads\Code_to_convert\trail\3D_recon\3d_spectrum_data\spectrum_263.hist
3,7,3,C:\Users\karth\Downloads\Code_to_convert\trail\3D_recon\3d_spectrum_data\spectrum_264.hist
3,7,4,C:\Users\karth\Downloads\Code_to_convert\trail\3D_recon\3d_spectrum_data\spectrum_265.hist
3,7,5,C:\Users\karth\Downloads\Code_to_convert\trail\3D_recon\3d_spectrum_data\spectrum_266.hist
3,7,6,C:\Users\karth\Downloads\Code_to_convert\trail\3D_recon\3d_spectrum_data\spectrum_267.hist
3,7,7,C:\Users\karth\Downloads\Code_to_convert\trail\3D_recon\3d_spectrum_data\spectrum_268.hist
3,7,8,C:\Users\karth\Downloads\Code_to_convert\trail\3D_recon\3d_spectrum_data\spectrum_269.hist
3,7,9,C:\Users\karth\Downloads\Code_to_convert\trail\3D_recon\3d_spectrum_data\spectrum_270.hist
3,8,0,C:\Users\karth\Downloads\Code_to_convert\trail\3D_recon\3d_spectrum_data\spectrum_271.hist
3,8,1,C:\Users\karth\Downloads\Code_to_convert\trail\3D_recon\3d_spectrum_data\spectrum_272.hist
3,8,2,C:\Users\karth\Downloads\Code_to_convert\trail\3D_recon\3d_spectrum_data\spectrum_273.hist
3,8,3,C:\Users\karth\Downloads\Code_to_convert\trail\3D_recon\3d_spectrum_data\spectrum_274.hist
3,8,4,C:\Users\karth\Downloads\Code_to_convert\trail\3D_recon\3d_spectrum_data\spectrum_275.hist
3,8,5,C:\Users\karth\Downloads\Code_to_convert\trail\3D_recon\3d_spectrum_data\spectrum_276.hist
3,8,6,C:\Users\karth\Downloads\Code_to_convert\trail\3D_recon\3d_spectrum_data\spectrum_277.hist
3,8,7,C:\Users\karth\Downloads\Code_to_convert\trail\3D_recon\3d_spectrum_data\spectrum_278.hist
3,8,8,C:\Users\karth\Downloads\Code_to_convert\trail\3D_recon\3d_spectrum_data\spectrum_279.hist
3,8,9,C:\Users\karth\Downloads\Code_to_convert\trail\3D_recon\3d_spectrum_data\spectrum_280.hist
3,9,0,C:\Users\karth\Downloads\Code_to_convert\trail\3D_recon\3d_spectrum_data\spectrum_281.hist
3,9,1,C:\Users\karth\Downloads\Code_to_convert\trail\3D_recon\3d_spectrum_data\spectrum_282.hist
3,9,2,C:\Users\karth\Downloads\Code_to_convert\trail\3D_recon\3d_spectrum_data\spectrum_283.hist
3,9,3,C:\Users\karth\Downloads\Code_to_convert\trail\3D_recon\3d_spectrum_data\spectrum_284.hist
3,9,4,C:\Users\karth\Downloads\Code_to_convert\trail\3D_recon\3d_spectrum_data\spectrum_285.hist
3,9,5,C:\Users\karth\Downloads\Code_to_convert\trail\3D_recon\3d_spectrum_data\spectrum_286.hist
3,9,6,C:\Users\karth\Downloads\Code_to_convert\trail\3D_recon\3d_spectrum_data\spectrum_287.hist
3,9,7,C:\Users\karth\Downloads\Code_to_convert\trail\3D_recon\3d_spectrum_data\spectrum_288.hist
3,9,8,C:\Users\karth\Downloads\Code_to_convert\trail\3D_recon\3d_spectrum_data\spectrum_289.hist
3,9,9,C:\Users\karth\Downloads\Code_to_convert\trail\3D_recon\3d_spectrum_data\spectrum_290.hist
3,10,0,C:\Users\karth\Downloads\Code_to_convert\trail\3D_recon\3d_spectrum_data\spectrum_291.hist
3,10,1,C:\Users\karth\Downloads\Code_to_convert\trail\3D_recon\3d_spectrum_data\spectrum_292.hist
3,10,2,C:\Users\karth\Downloads\Code_to_convert\trail\3D_recon\3d_spectrum_data\spectrum_293.hist
3,10,3,C:\Users\karth\Downloads\Code_to_convert\trail\3D_recon\3d_spectrum_data\spectrum_294.hist
3,10,4,C:\Users\karth\Downloads\Code_to_convert\trail\3D_recon\3d_spectrum_data\spectrum_295.hist
3,10,5,C:\Users\karth\Downloads\Code_to_convert\trail\3D_recon\3d_spectrum_data\spectrum_296.hist
3,10,6,C:\Users\karth\Downloads\Code_to_convert\trail\3D_recon\3d_spectrum_data\spectrum_297.hist
3,10,7,C:\Users\karth\Downloads\Code_to_convert\trail\3D_recon\3d_spectrum_data\spectrum_298.hist
3,10,8,C:\Users\karth\Downloads\Code_to_convert\trail\3D_recon\3d_spectrum_data\spectrum_299.hist
3,10,9,C:\Users\karth\Downloads\Code_to_convert\trail\3D_recon\3d_spectrum_data\spectrum_300.hist
4,1,0,C:\Users\karth\Downloads\Code_to_convert\trail\3D_recon\3d_spectrum_data\spectrum_301.hist
4,1,1,C:\Users\karth\Downloads\Code_to_convert\trail\3D_recon\3d_spectrum_data\spectrum_302.hist
4,1,2,C:\Users\karth\Downloads\Code_to_convert\trail\3D_recon\3d_spectrum_data\spectrum_303.hist
4,1,3,C:\Users\karth\Downloads\Code_to_convert\trail\3D_recon\3d_spectrum_data\spectrum_304.hist
4,1,4,C:\Users\karth\Downloads\Code_to_convert\trail\3D_recon\3d_spectrum_data\spectrum_305.hist
4,1,5,C:\Users\karth\Downloads\Code_to_convert\trail\3D_recon\3d_spectrum_data\spectrum_306.hist
4,1,6,C:\Users\karth\Downloads\Code_to_convert\trail\3D_recon\3d_spectrum_data\spectrum_307.hist
4,1,7,C:\Users\karth\Downloads\Code_to_convert\trail\3D_recon\3d_spectrum_data\spectrum_308.hist
4,1,8,C:\Users\karth\Downloads\Code_to_convert\trail\3D_recon\3d_spectrum_data\spectrum_309.hist
4,1,9,C:\Users\karth\Downloads\Code_to_convert\trail\3D_recon\3d_spectrum_data\spectrum_310.hist
4,2,0,C:\Users\karth\Downloads\Code_to_convert\trail\3D_recon\3d_spectrum_data\spectrum_311.hist
4,2,1,C:\Users\karth\Downloads\Code_to_convert\trail\3D_recon\3d_spectrum_data\spectrum_312.hist
4,2,2,C:\Users\karth\Downloads\Code_to_convert\trail\3D_recon\3d_spectrum_data\spectrum_313.hist
4,2,3,C:\Users\karth\Downloads\Code_to_convert\trail\3D_recon\3d_spectrum_data\spectrum_314.hist
4,2,4,C:\Users\karth\Downloads\Code_to_convert\trail\3D_recon\3d_spectrum_data\spectrum_315.hist
4,2,5,C:\Users\karth\Downloads\Code_to_convert\trail\3D_recon\3d_spectrum_data\spectrum_316.hist
4,2,6,C:\Users\karth\Downloads\Code_to_convert\trail\3D_recon\3d_spectrum_data\spectrum_317.hist
4,2,7,C:\Users\karth\Downloads\Code_to_convert\trail\3D_recon\3d_spectrum_data\spectrum_318.hist
4,2,8,C:\Users\karth\Downloads\Code_to_convert\trail\3D_recon\3d_spectrum_data\spectrum_319.hist
4,2,9,C:\Users\karth\Downloads\Code_to_convert\trail\3D_recon\3d_spectrum_data\spectrum_320.hist
4,3,0,C:\Users\karth\Downloads\Code_to_convert\trail\3D_recon\3d_spectrum_data\spectrum_321.hist
4,3,1,C:\Users\karth\Downloads\Code_to_convert\trail\3D_recon\3d_spectrum_data\spectrum_322.hist
4,3,2,C:\Users\karth\Downloads\Code_to_convert\trail\3D_recon\3d_spectrum_data\spectrum_323.hist
4,3,3,C:\Users\karth\Downloads\Code_to_convert\trail\3D_recon\3d_spectrum_data\spectrum_324.hist
4,3,4,C:\Users\karth\Downloads\Code_to_convert\trail\3D_recon\3d_spectrum_data\spectrum_325.hist
4,3,5,C:\Users\karth\Downloads\Code_to_convert\trail\3D_recon\3d_spectrum_data\spectrum_326.hist
4,3,6,C:\Users\karth\Downloads\Code_to_convert\trail\3D_recon\3d_spectrum_data\spectrum_327.hist
4,3,7,C:\Users\karth\Downloads\Code_to_convert\trail\3D_recon\3d_spectrum_data\spectrum_328.hist
4,3,8,C:\Users\karth\Downloads\Code_to_convert\trail\3D_recon\3d_spectrum_data\spectrum_329.hist
4,3,9,C:\Users\karth\Downloads\Code_to_convert\trail\3D_recon\3d_spectrum_data\spectrum_330.hist
4,4,0,C:\Users\karth\Downloads\Code_to_convert\trail\3D_recon\3d_spectrum_data\spectrum_331.hist
4,4,1,C:\Users\karth\Downloads\Code_to_convert\trail\3D_recon\3d_spectrum_data\spectrum_332.hist
4,4,2,C:\Users\karth\Downloads\Code_to_convert\trail\3D_recon\3d_spectrum_data\spectrum_333.hist
4,4,3,C:\Users\karth\Downloads\Code_to_convert\trail\3D_recon\3d_spectrum_data\spectrum_334.hist
4,4,4,C:\Users\karth\Downloads\Code_to_convert\trail\3D_recon\3d_spectrum_data\spectrum_335.hist
4,4,5,C:\Users\karth\Downloads\Code_to_convert\trail\3D_recon\3d_spectrum_data\spectrum_336.hist
4,4,6,C:\Users\karth\Downloads\Code_to_convert\trail\3D_recon\3d_spectrum_data\spectrum_337.hist
4,4,7,C:\Users\karth\Downloads\Code_to_convert\trail\3D_recon\3d_spectrum_data\spectrum_338.hist
4,4,8,C:\Users\karth\Downloads\Code_to_convert\trail\3D_recon\3d_spectrum_data\spectrum_339.hist
4,4,9,C:\Users\karth\Downloads\Code_to_convert\trail\3D_recon\3d_spectrum_data\spectrum_340.hist
4,5,0,C:\Users\karth\Downloads\Code_to_convert\trail\3D_recon\3d_spectrum_data\spectrum_341.hist
4,5,1,C:\Users\karth\Downloads\Code_to_convert\trail\3D_recon\3d_spectrum_data\spectrum_342.hist
4,5,2,C:\Users\karth\Downloads\Code_to_convert\trail\3D_recon\3d_spectrum_data\spectrum_343.hist
4,5,3,C:\Users\karth\Downloads\Code_to_convert\trail\3D_recon\3d_spectrum_data\spectrum_344.hist
4,5,4,C:\Users\karth\Downloads\Code_to_convert\trail\3D_recon\3d_spectrum_data\spectrum_345.hist
4,5,5,C:\Users\karth\Downloads\Code_to_convert\trail\3D_recon\3d_spectrum_data\spectrum_346.hist
4,5,6,C:\Users\karth\Downloads\Code_to_convert\trail\3D_recon\3d_spectrum_data\spectrum_347.hist
4,5,7,C:\Users\karth\Downloads\Code_to_convert\trail\3D_recon\3d_spectrum_data\spectrum_348.hist
4,5,8,C:\Users\karth\Downloads\Code_to_convert\trail\3D_recon\3d_spectrum_data\spectrum_349.hist
4,5,9,C:\Users\karth\Downloads\Code_to_convert\trail\3D_recon\3d_spectrum_data\spectrum_350.hist
4,6,0,C:\Users\karth\Downloads\Code_to_convert\trail\3D_recon\3d_spectrum_data\spectrum_351.hist
4,6,1,C:\Users\karth\Downloads\Code_to_convert\trail\3D_recon\3d_spectrum_data\spectrum_352.hist
4,6,2,C:\Users\karth\Downloads\Code_to_convert\trail\3D_recon\3d_spectrum_data\spectrum_353.hist
4,6,3,C:\Users\karth\Downloads\Code_to_convert\trail\3D_recon\3d_spectrum_data\spectrum_354.hist
4,6,4,C:\Users\karth\Downloads\Code_to_convert\trail\3D_recon\3d_spectrum_data\spectrum_355.hist
4,6,5,C:\Users\karth\Downloads\Code_to_convert\trail\3D_recon\3d_spectrum_data\spectrum_356.hist
4,6,6,C:\Users\karth\Downloads\Code_to_convert\trail\3D_recon\3d_spectrum_data\spectrum_357.hist
4,6,7,C:\Users\karth\Downloads\Code_to_convert\trail\3D_recon\3d_spectrum_data\spectrum_358.hist
4,6,8,C:\Users\karth\Downloads\Code_to_convert\trail\3D_recon\3d_spectrum_data\spectrum_359.hist
4,6,9,C:\Users\karth\Downloads\Code_to_convert\trail\3D_recon\3d_spectrum_data\spectrum_360.hist
4,7,0,C:\Users\karth\Downloads\Code_to_convert\trail\3D_recon\3d_spectrum_data\spectrum_361.hist
4,7,1,C:\Users\karth\Downloads\Code_to_convert\trail\3D_recon\3d_spectrum_data\spectrum_362.hist
4,7,2,C:\Users\karth\Downloads\Code_to_convert\trail\3D_recon\3d_spectrum_data\spectrum_363.hist
4,7,3,C:\Users\karth\Downloads\Code_to_convert\trail\3D_recon\3d_spectrum_data\spectrum_364.hist
4,7,4,C:\Users\karth\Downloads\Code_to_convert\trail\3D_recon\3d_spectrum_data\spectrum_365.hist
4,7,5,C:\Users\karth\Downloads\Code_to_convert\trail\3D_recon\3d_spectrum_data\spectrum_366.hist
4,7,6,C:\Users\karth\Downloads\Code_to_convert\trail\3D_recon\3d_spectrum_data\spectrum_367.hist
4,7,7,C:\Users\karth\Downloads\Code_to_convert\trail\3D_recon\3d_spectrum_data\spectrum_368.hist
4,7,8,C:\Users\karth\Downloads\Code_to_convert\trail\3D_recon\3d_spectrum_data\spectrum_369.hist
4,7,9,C:\Users\karth\Downloads\Code_to_convert\trail\3D_recon\3d_spectrum_data\spectrum_370.hist
4,8,0,C:\Users\karth\Downloads\Code_to_convert\trail\3D_recon\3d_spectrum_data\spectrum_371.hist
4,8,1,C:\Users\karth\Downloads\Code_to_convert\trail\3D_recon\3d_spectrum_data\spectrum_372.hist
4,8,2,C:\Users\karth\Downloads\Code_to_convert\trail\3D_recon\3d_spectrum_data\spectrum_373.hist
4,8,3,C:\Users\karth\Downloads\Code_to_convert\trail\3D_recon\3d_spectrum_data\spectrum_374.hist
4,8,4,C:\Users\karth\Downloads\Code_to_convert\trail\3D_recon\3d_spectrum_data\spectrum_375.hist
4,8,5,C:\Users\karth\Downloads\Code_to_convert\trail\3D_recon\3d_spectrum_data\spectrum_376.hist
4,8,6,C:\Users\karth\Downloads\Code_to_convert\trail\3D_recon\3d_spectrum_data\spectrum_377.hist
4,8,7,C:\Users\karth\Downloads\Code_to_convert\trail\3D_recon\3d_spectrum_data\spectrum_378.hist
4,8,8,C:\Users\karth\Downloads\Code_to_convert\trail\3D_recon\3d_spectrum_data\spectrum_379.hist
4,8,9,C:\Users\karth\Downloads\Code_to_convert\trail\3D_recon\3d_spectrum_data\spectrum_380.hist
4,9,0,C:\Users\karth\Downloads\Code_to_convert\trail\3D_recon\3d_spectrum_data\spectrum_381.hist
4,9,1,C:\Users\karth\Downloads\Code_to_convert\trail\3D_recon\3d_spectrum_data\spectrum_382.hist
4,9,2,C:\Users\karth\Downloads\Code_to_convert\trail\3D_recon\3d_spectrum_data\spectrum_383.hist
4,9,3,C:\Users\karth\Downloads\Code_to_convert\trail\3D_recon\3d_spectrum_data\spectrum_384.hist
4,9,4,C:\Users\karth\Downloads\Code_to_convert\trail\3D_recon\3d_spectrum_data\spectrum_385.hist
4,9,5,C:\Users\karth\Downloads\Code_to_convert\trail\3D_recon\3d_spectrum_data\spectrum_386.hist
4,9,6,C:\Users\karth\Downloads\Code_to_convert\trail\3D_recon\3d_spectrum_data\spectrum_387.hist
4,9,7,C:\Users\karth\Downloads\Code_to_convert\trail\3D_recon\3d_spectrum_data\spectrum_388.hist
4,9,8,C:\Users\karth\Downloads\Code_to_convert\trail\3D_recon\3d_spectrum_data\spectrum_389.hist
4,9,9,C:\Users\karth\Downloads\Code_to_convert\trail\3D_recon\3d_spectrum_data\spectrum_390.hist
4,10,0,C:\Users\karth\Downloads\Code_to_convert\trail\3D_recon\3d_spectrum_data\spectrum_391.hist
4,10,1,C:\Users\karth\Downloads\Code_to_convert\trail\3D_recon\3d_spectrum_data\spectrum_392.hist
4,10,2,C:\Users\karth\Downloads\Code_to_convert\trail\3D_recon\3d_spectrum_data\spectrum_393.hist
4,10,3,C:\Users\karth\Downloads\Code_to_convert\trail\3D_recon\3d_spectrum_data\spectrum_394.hist
4,10,4,C:\Users\karth\Downloads\Code_to_convert\trail\3D_recon\3d_spectrum_data\spectrum_395.hist
4,10,5,C:\Users\karth\Downloads\Code_to_convert\trail\3D_recon\3d_spectrum_data\spectrum_396.hist
4,10,6,C:\Users\karth\Downloads\Code_to_convert\trail\3D_recon\3d_spectrum_data\spectrum_397.hist
4,10,7,C:\Users\karth\Downloads\Code_to_convert\trail\3D_recon\3d_spectrum_data\spectrum_398.hist
4,10,8,C:\Users\karth\Downloads\Code_to_convert\trail\3D_recon\3d_spectrum_data\spectrum_399.hist
4,10,9,C:\Users\karth\Downloads\Code_to_convert\trail\3D_recon\3d_spectrum_data\spectrum_400.hist
5,1,0,C:\Users\karth\Downloads\Code_to_convert\trail\3D_recon\3d_spectrum_data\spectrum_401.hist
5,1,1,C:\Users\karth\Downloads\Code_to_convert\trail\3D_recon\3d_spectrum_data\spectrum_402.hist
5,1,2,C:\Users\karth\Downloads\Code_to_convert\trail\3D_recon\3d_spectrum_data\spectrum_403.hist
5,1,3,C:\Users\karth\Downloads\Code_to_convert\trail\3D_recon\3d_spectrum_data\spectrum_404.hist
5,1,4,C:\Users\karth\Downloads\Code_to_convert\trail\3D_recon\3d_spectrum_data\spectrum_405.hist
5,1,5,C:\Users\karth\Downloads\Code_to_convert\trail\3D_recon\3d_spectrum_data\spectrum_406.hist
5,1,6,C:\Users\karth\Downloads\Code_to_convert\trail\3D_recon\3d_spectrum_data\spectrum_407.hist
5,1,7,C:\Users\karth\Downloads\Code_to_convert\trail\3D_recon\3d_spectrum_data\spectrum_408.hist
5,1,8,C:\Users\karth\Downloads\Code_to_convert\trail\3D_recon\3d_spectrum_data\spectrum_409.hist
5,1,9,C:\Users\karth\Downloads\Code_to_convert\trail\3D_recon\3d_spectrum_data\spectrum_410.hist
5,2,0,C:\Users\karth\Downloads\Code_to_convert\trail\3D_recon\3d_spectrum_data\spectrum_411.hist
5,2,1,C:\Users\karth\Downloads\Code_to_convert\trail\3D_recon\3d_spectrum_data\spectrum_412.hist
5,2,2,C:\Users\karth\Downloads\Code_to_convert\trail\3D_recon\3d_spectrum_data\spectrum_413.hist
5,2,3,C:\Users\karth\Downloads\Code_to_convert\trail\3D_recon\3d_spectrum_data\spectrum_414.hist
5,2,4,C:\Users\karth\Downloads\Code_to_convert\trail\3D_recon\3d_spectrum_data\spectrum_415.hist
5,2,5,C:\Users\karth\Downloads\Code_to_convert\trail\3D_recon\3d_spectrum_data\spectrum_416.hist
5,2,6,C:\Users\karth\Downloads\Code_to_convert\trail\3D_recon\3d_spectrum_data\spectrum_417.hist
5,2,7,C:\Users\karth\Downloads\Code_to_convert\trail\3D_recon\3d_spectrum_data\spectrum_418.hist
5,2,8,C:\Users\karth\Downloads\Code_to_convert\trail\3D_recon\3d_spectrum_data\spectrum_419.hist
5,2,9,C:\Users\karth\Downloads\Code_to_convert\trail\3D_recon\3d_spectrum_data\spectrum_420.hist
5,3,0,C:\Users\karth\Downloads\Code_to_convert\trail\3D_recon\3d_spectrum_data\spectrum_421.hist
5,3,1,C:\Users\karth\Downloads\Code_to_convert\trail\3D_recon\3d_spectrum_data\spectrum_422.hist
5,3,2,C:\Users\karth\Downloads\Code_to_convert\trail\3D_recon\3d_spectrum_data\spectrum_423.hist
5,3,3,C:\Users\karth\Downloads\Code_to_convert\trail\3D_recon\3d_spectrum_data\spectrum_424.hist
5,3,4,C:\Users\karth\Downloads\Code_to_convert\trail\3D_recon\3d_spectrum_data\spectrum_425.hist
5,3,5,C:\Users\karth\Downloads\Code_to_convert\trail\3D_recon\3d_spectrum_data\spectrum_426.hist
5,3,6,C:\Users\karth\Downloads\Code_to_convert\trail\3D_recon\3d_spectrum_data\spectrum_427.hist
5,3,7,C:\Users\karth\Downloads\Code_to_convert\trail\3D_recon\3d_spectrum_data\spectrum_428.hist
5,3,8,C:\Users\karth\Downloads\Code_to_convert\trail\3D_recon\3d_spectrum_data\spectrum_429.hist
5,3,9,C:\Users\karth\Downloads\Code_to_convert\trail\3D_recon\3d_spectrum_data\spectrum_430.hist
5,4,0,C:\Users\karth\Downloads\Code_to_convert\trail\3D_recon\3d_spectrum_data\spectrum_431.hist
5,4,1,C:\Users\karth\Downloads\Code_to_convert\trail\3D_recon\3d_spectrum_data\spectrum_432.hist
5,4,2,C:\Users\karth\Downloads\Code_to_convert\trail\3D_recon\3d_spectrum_data\spectrum_433.hist
5,4,3,C:\Users\karth\Downloads\Code_to_convert\trail\3D_recon\3d_spectrum_data\spectrum_434.hist
5,4,4,C:\Users\karth\Downloads\Code_to_convert\trail\3D_recon\3d_spectrum_data\spectrum_435.hist
5,4,5,C:\Users\karth\Downloads\Code_to_convert\trail\3D_recon\3d_spectrum_data\spectrum_436.hist
5,4,6,C:\Users\karth\Downloads\Code_to_convert\trail\3D_recon\3d_spectrum_data\spectrum_437.hist
5,4,7,C:\Users\karth\Downloads\Code_to_convert\trail\3D_recon\3d_spectrum_data\spectrum_438.hist
5,4,8,C:\Users\karth\Downloads\Code_to_convert\trail\3D_recon\3d_spectrum_data\spectrum_439.hist
5,4,9,C:\Users\karth\Downloads\Code_to_convert\trail\3D_recon\3d_spectrum_data\spectrum_440.hist
5,5,0,C:\Users\karth\Downloads\Code_to_convert\trail\3D_recon\3d_spectrum_data\spectrum_441.hist
5,5,1,C:\Users\karth\Downloads\Code_to_convert\trail\3D_recon\3d_spectrum_data\spectrum_442.hist
5,5,2,C:\Users\karth\Downloads\Code_to_convert\trail\3D_recon\3d_spectrum_data\spectrum_443.hist
5,5,3,C:\Users\karth\Downloads\Code_to_convert\trail\3D_recon\3d_spectrum_data\spectrum_444.hist
5,5,4,C:\Users\karth\Downloads\Code_to_convert\trail\3D_recon\3d_spectrum_data\spectrum_445.hist
5,5,5,C:\Users\karth\Downloads\Code_to_convert\trail\3D_recon\3d_spectrum_data\spectrum_446.hist
5,5,6,C:\Users\karth\Downloads\Code_to_convert\trail\3D_recon\3d_spectrum_data\spectrum_447.hist
5,5,7,C:\Users\karth\Downloads\Code_to_convert\trail\3D_recon\3d_spectrum_data\spectrum_448.hist
5,5,8,C:\Users\karth\Downloads\Code_to_convert\trail\3D_recon\3d_spectrum_data\spectrum_449.hist
5,5,9,C:\Users\karth\Downloads\Code_to_convert\trail\3D_recon\3d_spectrum_data\spectrum_450.hist
5,6,0,C:\Users\karth\Downloads\Code_to_convert\trail\3D_recon\3d_spectrum_data\spectrum_451.hist
5,6,1,C:\Users\karth\Downloads\Code_to_convert\trail\3D_recon\3d_spectrum_data\spectrum_452.hist
5,6,2,C:\Users\karth\Downloads\Code_to_convert\trail\3D_recon\3d_spectrum_data\spectrum_453.hist
5,6,3,C:\Users\karth\Downloads\Code_to_convert\trail\3D_recon\3d_spectrum_data\spectrum_454.hist
5,6,4,C:\Users\karth\Downloads\Code_to_convert\trail\3D_recon\3d_spectrum_data\spectrum_455.hist
5,6,5,C:\Users\karth\Downloads\Code_to_convert\trail\3D_recon\3d_spectrum_data\spectrum_456.hist
5,6,6,C:\Users\karth\Downloads\Code_to_convert\trail\3D_recon\3d_spectrum_data\spectrum_457.hist
5,6,7,C:\Users\karth\Downloads\Code_to_convert\trail\3D_recon\3d_spectrum_data\spectrum_458.hist
5,6,8,C:\Users\karth\Downloads\Code_to_convert\trail\3D_recon\3d_spectrum_data\spectrum_459.hist
5,6,9,C:\Users\karth\Downloads\Code_to_convert\trail\3D_recon\3d_spectrum_data\spectrum_460.hist
5,7,0,C:\Users\karth\Downloads\Code_to_convert\trail\3D_recon\3d_spectrum_data\spectrum_461.hist
5,7,1,C:\Users\karth\Downloads\Code_to_convert\trail\3D_recon\3d_spectrum_data\spectrum_462.hist
5,7,2,C:\Users\karth\Downloads\Code_to_convert\trail\3D_recon\3d_spectrum_data\spectrum_463.hist
5,7,3,C:\Users\karth\Downloads\Code_to_convert\trail\3D_recon\3d_spectrum_data\spectrum_464.hist
5,7,4,C:\Users\karth\Downloads\Code_to_convert\trail\3D_recon\3d_spectrum_data\spectrum_465.hist
5,7,5,C:\Users\karth\Downloads\Code_to_convert\trail\3D_recon\3d_spectrum_data\spectrum_466.hist
5,7,6,C:\Users\karth\Downloads\Code_to_convert\trail\3D_recon\3d_spectrum_data\spectrum_467.hist
5,7,7,C:\Users\karth\Downloads\Code_to_convert\trail\3D_recon\3d_spectrum_data\spectrum_468.hist
5,7,8,C:\Users\karth\Downloads\Code_to_convert\trail\3D_recon\3d_spectrum_data\spectrum_469.hist
5,7,9,C:\Users\karth\Downloads\Code_to_convert\trail\3D_recon\3d_spectrum_data\spectrum_470.hist
5,8,0,C:\Users\karth\Downloads\Code_to_convert\trail\3D_recon\3d_spectrum_data\spectrum_471.hist
5,8,1,C:\Users\karth\Downloads\Code_to_convert\trail\3D_recon\3d_spectrum_data\spectrum_472.hist
5,8,2,C:\Users\karth\Downloads\Code_to_convert\trail\3D_recon\3d_spectrum_data\spectrum_473.hist
5,8,3,C:\Users\karth\Downloads\Code_to_convert\trail\3D_recon\3d_spectrum_data\spectrum_474.hist
5,8,4,C:\Users\karth\Downloads\Code_to_convert\trail\3D_recon\3d_spectrum_data\spectrum_475.hist
5,8,5,C:\Users\karth\Downloads\Code_to_convert\trail\3D_recon\3d_spectrum_data\spectrum_476.hist
5,8,6,C:\Users\karth\Downloads\Code_to_convert\trail\3D_recon\3d_spectrum_data\spectrum_477.hist
5,8,7,C:\Users\karth\Downloads\Code_to_convert\trail\3D_recon\3d_spectrum_data\spectrum_478.hist
5,8,8,C:\Users\karth\Downloads\Code_to_convert\trail\3D_recon\3d_spectrum_data\spectrum_479.hist
5,8,9,C:\Users\karth\Downloads\Code_to_convert\trail\3D_recon\3d_spectrum_data\spectrum_480.hist
5,9,0,C:\Users\karth\Downloads\Code_to_convert\trail\3D_recon\3d_spectrum_data\spectrum_481.hist
5,9,1,C:\Users\karth\Downloads\Code_to_convert\trail\3D_recon\3d_spectrum_data\spectrum_482.hist
5,9,2,C:\Users\karth\Downloads\Code_to_convert\trail\3D_recon\3d_spectrum_data\spectrum_483.hist
5,9,3,C:\Users\karth\Downloads\Code_to_convert\trail\3D_recon\3d_spectrum_data\spectrum_484.hist
5,9,4,C:\Users\karth\Downloads\Code_to_convert\trail\3D_recon\3d_spectrum_data\spectrum_485.hist
5,9,5,C:\Users\karth\Downloads\Code_to_convert\trail\3D_recon\3d_spectrum_data\spectrum_486.hist
5,9,6,C:\Users\karth\Downloads\Code_to_convert\trail\3D_recon\3d_spectrum_data\spectrum_487.hist
5,9,7,C:\Users\karth\Downloads\Code_to_convert\trail\3D_recon\3d_spectrum_data\spectrum_488.hist
5,9,8,C:\Users\karth\Downloads\Code_to_convert\trail\3D_recon\3d_spectrum_data\spectrum_489.hist
5,9,9,C:\Users\karth\Downloads\Code_to_convert\trail\3D_recon\3d_spectrum_data\spectrum_490.hist
5,10,0,C:\Users\karth\Downloads\Code_to_convert\trail\3D_recon\3d_spectrum_data\spectrum_491.hist
5,10,1,C:\Users\karth\Downloads\Code_to_convert\trail\3D_recon\3d_spectrum_data\spectrum_492.hist
5,10,2,C:\Users\karth\Downloads\Code_to_convert\trail\3D_recon\3d_spectrum_data\spectrum_493.hist
5,10,3,C:\Users\karth\Downloads\Code_to_convert\trail\3D_recon\3d_spectrum_data\spectrum_494.hist
5,10,4,C:\Users\karth\Downloads\Code_to_convert\trail\3D_recon\3d_spectrum_data\spectrum_495.hist
5,10,5,C:\Users\karth\Downloads\Code_to_convert\trail\3D_recon\3d_spectrum_data\spectrum_496.hist
5,10,6,C:\Users\karth\Downloads\Code_to_convert\trail\3D_recon\3d_spectrum_data\spectrum_497.hist
5,10,7,C:\Users\karth\Downloads\Code_to_convert\trail\3D_recon\3d_spectrum_data\spectrum_498.hist
5,10,8,C:\Users\karth\Downloads\Code_to_convert\trail\3D_recon\3d_spectrum_data\spectrum_499.hist
5,10,9,C:\Users\karth\Downloads\Code_to_convert\trail\3D_recon\3d_spectrum_data\spectrum_500.hist
6,1,0,C:\Users\karth\Downloads\Code_to_convert\trail\3D_recon\3d_spectrum_data\spectrum_501.hist
6,1,1,C:\Users\karth\Downloads\Code_to_convert\trail\3D_recon\3d_spectrum_data\spectrum_502.hist
6,1,2,C:\Users\karth\Downloads\Code_to_convert\trail\3D_recon\3d_spectrum_data\spectrum_503.hist
6,1,3,C:\Users\karth\Downloads\Code_to_convert\trail\3D_recon\3d_spectrum_data\spectrum_504.hist
6,1,4,C:\Users\karth\Downloads\Code_to_convert\trail\3D_recon\3d_spectrum_data\spectrum_505.hist
6,1,5,C:\Users\karth\Downloads\Code_to_convert\trail\3D_recon\3d_spectrum_data\spectrum_506.hist
6,1,6,C:\Users\karth\Downloads\Code_to_convert\trail\3D_recon\3d_spectrum_data\spectrum_507.hist
6,1,7,C:\Users\karth\Downloads\Code_to_convert\trail\3D_recon\3d_spectrum_data\spectrum_508.hist
6,1,8,C:\Users\karth\Downloads\Code_to_convert\trail\3D_recon\3d_spectrum_data\spectrum_509.hist
6,1,9,C:\Users\karth\Downloads\Code_to_convert\trail\3D_recon\3d_spectrum_data\spectrum_510.hist
6,2,0,C:\Users\karth\Downloads\Code_to_convert\trail\3D_recon\3d_spectrum_data\spectrum_511.hist
6,2,1,C:\Users\karth\Downloads\Code_to_convert\trail\3D_recon\3d_spectrum_data\spectrum_512.hist
6,2,2,C:\Users\karth\Downloads\Code_to_convert\trail\3D_recon\3d_spectrum_data\spectrum_513.hist
6,2,3,C:\Users\karth\Downloads\Code_to_convert\trail\3D_recon\3d_spectrum_data\spectrum_514.hist
6,2,4,C:\Users\karth\Downloads\Code_to_convert\trail\3D_recon\3d_spectrum_data\spectrum_515.hist
6,2,5,C:\Users\karth\Downloads\Code_to_convert\trail\3D_recon\3d_spectrum_data\spectrum_516.hist
6,2,6,C:\Users\karth\Downloads\Code_to_convert\trail\3D_recon\3d_spectrum_data\spectrum_517.hist
6,2,7,C:\Users\karth\Downloads\Code_to_convert\trail\3D_recon\3d_spectrum_data\spectrum_518.hist
6,2,8,C:\Users\karth\Downloads\Code_to_convert\trail\3D_recon\3d_spectrum_data\spectrum_519.hist
6,2,9,C:\Users\karth\Downloads\Code_to_convert\trail\3D_recon\3d_spectrum_data\spectrum_520.hist
6,3,0,C:\Users\karth\Downloads\Code_to_convert\trail\3D_recon\3d_spectrum_data\spectrum_521.hist
6,3,1,C:\Users\karth\Downloads\Code_to_convert\trail\3D_recon\3d_spectrum_data\spectrum_522.hist
6,3,2,C:\Users\karth\Downloads\Code_to_convert\trail\3D_recon\3d_spectrum_data\spectrum_523.hist
6,3,3,C:\Users\karth\Downloads\Code_to_convert\trail\3D_recon\3d_spectrum_data\spectrum_524.hist
6,3,4,C:\Users\karth\Downloads\Code_to_convert\trail\3D_recon\3d_spectrum_data\spectrum_525.hist
6,3,5,C:\Users\karth\Downloads\Code_to_convert\trail\3D_recon\3d_spectrum_data\spectrum_526.hist
6,3,6,C:\Users\karth\Downloads\Code_to_convert\trail\3D_recon\3d_spectrum_data\spectrum_527.hist
6,3,7,C:\Users\karth\Downloads\Code_to_convert\trail\3D_recon\3d_spectrum_data\spectrum_528.hist
6,3,8,C:\Users\karth\Downloads\Code_to_convert\trail\3D_recon\3d_spectrum_data\spectrum_529.hist
6,3,9,C:\Users\karth\Downloads\Code_to_convert\trail\3D_recon\3d_spectrum_data\spectrum_530.hist
6,4,0,C:\Users\karth\Downloads\Code_to_convert\trail\3D_recon\3d_spectrum_data\spectrum_531.hist
6,4,1,C:\Users\karth\Downloads\Code_to_convert\trail\3D_recon\3d_spectrum_data\spectrum_532.hist
6,4,2,C:\Users\karth\Downloads\Code_to_convert\trail\3D_recon\3d_spectrum_data\spectrum_533.hist
6,4,3,C:\Users\karth\Downloads\Code_to_convert\trail\3D_recon\3d_spectrum_data\spectrum_534.hist
6,4,4,C:\Users\karth\Downloads\Code_to_convert\trail\3D_recon\3d_spectrum_data\spectrum_535.hist
6,4,5,C:\Users\karth\Downloads\Code_to_convert\trail\3D_recon\3d_spectrum_data\spectrum_536.hist
6,4,6,C:\Users\karth\Downloads\Code_to_convert\trail\3D_recon\3d_spectrum_data\spectrum_537.hist
6,4,7,C:\Users\karth\Downloads\Code_to_convert\trail\3D_recon\3d_spectrum_data\spectrum_538.hist
6,4,8,C:\Users\karth\Downloads\Code_to_convert\trail\3D_recon\3d_spectrum_data\spectrum_539.hist
6,4,9,C:\Users\karth\Downloads\Code_to_convert\trail\3D_recon\3d_spectrum_data\spectrum_540.hist
6,5,0,C:\Users\karth\Downloads\Code_to_convert\trail\3D_recon\3d_spectrum_data\spectrum_541.hist
6,5,1,C:\Users\karth\Downloads\Code_to_convert\trail\3D_recon\3d_spectrum_data\spectrum_542.hist
6,5,2,C:\Users\karth\Downloads\Code_to_convert\trail\3D_recon\3d_spectrum_data\spectrum_543.hist
6,5,3,C:\Users\karth\Downloads\Code_to_convert\trail\3D_recon\3d_spectrum_data\spectrum_544.hist
6,5,4,C:\Users\karth\Downloads\Code_to_convert\trail\3D_recon\3d_spectrum_data\spectrum_545.hist
6,5,5,C:\Users\karth\Downloads\Code_to_convert\trail\3D_recon\3d_spectrum_data\spectrum_546.hist
6,5,6,C:\Users\karth\Downloads\Code_to_convert\trail\3D_recon\3d_spectrum_data\spectrum_547.hist
6,5,7,C:\Users\karth\Downloads\Code_to_convert\trail\3D_recon\3d_spectrum_data\spectrum_548.hist
6,5,8,C:\Users\karth\Downloads\Code_to_convert\trail\3D_recon\3d_spectrum_data\spectrum_549.hist
6,5,9,C:\Users\karth\Downloads\Code_to_convert\trail\3D_recon\3d_spectrum_data\spectrum_550.hist
6,6,0,C:\Users\karth\Downloads\Code_to_convert\trail\3D_recon\3d_spectrum_data\spectrum_551.hist
6,6,1,C:\Users\karth\Downloads\Code_to_convert\trail\3D_recon\3d_spectrum_data\spectrum_552.hist
6,6,2,C:\Users\karth\Downloads\Code_to_convert\trail\3D_recon\3d_spectrum_data\spectrum_553.hist
6,6,3,C:\Users\karth\Downloads\Code_to_convert\trail\3D_recon\3d_spectrum_data\spectrum_554.hist
6,6,4,C:\Users\karth\Downloads\Code_to_convert\trail\3D_recon\3d_spectrum_data\spectrum_555.hist
6,6,5,C:\Users\karth\Downloads\Code_to_convert\trail\3D_recon\3d_spectrum_data\spectrum_556.hist
6,6,6,C:\Users\karth\Downloads\Code_to_convert\trail\3D_recon\3d_spectrum_data\spectrum_557.hist
6,6,7,C:\Users\karth\Downloads\Code_to_convert\trail\3D_recon\3d_spectrum_data\spectrum_558.hist
6,6,8,C:\Users\karth\Downloads\Code_to_convert\trail\3D_recon\3d_spectrum_data\spectrum_559.hist
6,6,9,C:\Users\karth\Downloads\Code_to_convert\trail\3D_recon\3d_spectrum_data\spectrum_560.hist
6,7,0,C:\Users\karth\Downloads\Code_to_convert\trail\3D_recon\3d_spectrum_data\spectrum_561.hist
6,7,1,C:\Users\karth\Downloads\Code_to_convert\trail\3D_recon\3d_spectrum_data\spectrum_562.hist
6,7,2,C:\Users\karth\Downloads\Code_to_convert\trail\3D_recon\3d_spectrum_data\spectrum_563.hist
6,7,3,C:\Users\karth\Downloads\Code_to_convert\trail\3D_recon\3d_spectrum_data\spectrum_564.hist
6,7,4,C:\Users\karth\Downloads\Code_to_convert\trail\3D_recon\3d_spectrum_data\spectrum_565.hist
6,7,5,C:\Users\karth\Downloads\Code_to_convert\trail\3D_recon\3d_spectrum_data\spectrum_566.hist
6,7,6,C:\Users\karth\Downloads\Code_to_convert\trail\3D_recon\3d_spectrum_data\spectrum_567.hist
6,7,7,C:\Users\karth\Downloads\Code_to_convert\trail\3D_recon\3d_spectrum_data\spectrum_568.hist
6,7,8,C:\Users\karth\Downloads\Code_to_convert\trail\3D_recon\3d_spectrum_data\spectrum_569.hist
6,7,9,C:\Users\karth\Downloads\Code_to_convert\trail\3D_recon\3d_spectrum_data\spectrum_570.hist
6,8,0,C:\Users\karth\Downloads\Code_to_convert\trail\3D_recon\3d_spectrum_data\spectrum_571.hist
6,8,1,C:\Users\karth\Downloads\Code_to_convert\trail\3D_recon\3d_spectrum_data\spectrum_572.hist
6,8,2,C:\Users\karth\Downloads\Code_to_convert\trail\3D_recon\3d_spectrum_data\spectrum_573.hist
6,8,3,C:\Users\karth\Downloads\Code_to_convert\trail\3D_recon\3d_spectrum_data\spectrum_574.hist
6,8,4,C:\Users\karth\Downloads\Code_to_convert\trail\3D_recon\3d_spectrum_data\spectrum_575.hist
6,8,5,C:\Users\karth\Downloads\Code_to_convert\trail\3D_recon\3d_spectrum_data\spectrum_576.hist
6,8,6,C:\Users\karth\Downloads\Code_to_convert\trail\3D_recon\3d_spectrum_data\spectrum_577.hist
6,8,7,C:\Users\karth\Downloads\Code_to_convert\trail\3D_recon\3d_spectrum_data\spectrum_578.hist
6,8,8,C:\Users\karth\Downloads\Code_to_convert\trail\3D_recon\3d_spectrum_data\spectrum_579.hist
6,8,9,C:\Users\karth\Downloads\Code_to_convert\trail\3D_recon\3d_spectrum_data\spectrum_580.hist
6,9,0,C:\Users\karth\Downloads\Code_to_convert\trail\3D_recon\3d_spectrum_data\spectrum_581.hist
6,9,1,C:\Users\karth\Downloads\Code_to_convert\trail\3D_recon\3d_spectrum_data\spectrum_582.hist
6,9,2,C:\Users\karth\Downloads\Code_to_convert\trail\3D_recon\3d_spectrum_data\spectrum_583.hist
6,9,3,C:\Users\karth\Downloads\Code_to_convert\trail\3D_recon\3d_spectrum_data\spectrum_584.hist
6,9,4,C:\Users\karth\Downloads\Code_to_convert\trail\3D_recon\3d_spectrum_data\spectrum_585.hist
6,9,5,C:\Users\karth\Downloads\Code_to_convert\trail\3D_recon\3d_spectrum_data\spectrum_586.hist
6,9,6,C:\Users\karth\Downloads\Code_to_convert\trail\3D_recon\3d_spectrum_data\spectrum_587.hist
6,9,7,C:\Users\karth\Downloads\Code_to_convert\trail\3D_recon\3d_spectrum_data\spectrum_588.hist
6,9,8,C:\Users\karth\Downloads\Code_to_convert\trail\3D_recon\3d_spectrum_data\spectrum_589.hist
6,9,9,C:\Users\karth\Downloads\Code_to_convert\trail\3D_recon\3d_spectrum_data\spectrum_590.hist
6,10,0,C:\Users\karth\Downloads\Code_to_convert\trail\3D_recon\3d_spectrum_data\spectrum_591.hist
6,10,1,C:\Users\karth\Downloads\Code_to_convert\trail\3D_recon\3d_spectrum_data\spectrum_592.hist
6,10,2,C:\Users\karth\Downloads\Code_to_convert\trail\3D_recon\3d_spectrum_data\spectrum_593.hist
6,10,3,C:\Users\karth\Downloads\Code_to_convert\trail\3D_recon\3d_spectrum_data\spectrum_594.hist
6,10,4,C:\Users\karth\Downloads\Code_to_convert\trail\3D_recon\3d_spectrum_data\spectrum_595.hist
6,10,5,C:\Users\karth\Downloads\Code_to_convert\trail\3D_recon\3d_spectrum_data\spectrum_596.hist
6,10,6,C:\Users\karth\Downloads\Code_to_convert\trail\3D_recon\3d_spectrum_data\spectrum_597.hist
6,10,7,C:\Users\karth\Downloads\Code_to_convert\trail\3D_recon\3d_spectrum_data\spectrum_598.hist
6,10,8,C:\Users\karth\Downloads\Code_to_convert\trail\3D_recon\3d_spectrum_data\spectrum_599.hist
6,10,9,C:\Users\karth\Downloads\Code_to_convert\trail\3D_recon\3d_spectrum_data\spectrum_600.hist
7,1,0,C:\Users\karth\Downloads\Code_to_convert\trail\3D_recon\3d_spectrum_data\spectrum_601.hist
7,1,1,C:\Users\karth\Downloads\Code_to_convert\trail\3D_recon\3d_spectrum_data\spectrum_602.hist
7,1,2,C:\Users\karth\Downloads\Code_to_convert\trail\3D_recon\3d_spectrum_data\spectrum_603.hist
7,1,3,C:\Users\karth\Downloads\Code_to_convert\trail\3D_recon\3d_spectrum_data\spectrum_604.hist
7,1,4,C:\Users\karth\Downloads\Code_to_convert\trail\3D_recon\3d_spectrum_data\spectrum_605.hist
7,1,5,C:\Users\karth\Downloads\Code_to_convert\trail\3D_recon\3d_spectrum_data\spectrum_606.hist
7,1,6,C:\Users\karth\Downloads\Code_to_convert\trail\3D_recon\3d_spectrum_data\spectrum_607.hist
7,1,7,C:\Users\karth\Downloads\Code_to_convert\trail\3D_recon\3d_spectrum_data\spectrum_608.hist
7,1,8,C:\Users\karth\Downloads\Code_to_convert\trail\3D_recon\3d_spectrum_data\spectrum_609.hist
7,1,9,C:\Users\karth\Downloads\Code_to_convert\trail\3D_recon\3d_spectrum_data\spectrum_610.hist
7,2,0,C:\Users\karth\Downloads\Code_to_convert\trail\3D_recon\3d_spectrum_data\spectrum_611.hist
7,2,1,C:\Users\karth\Downloads\Code_to_convert\trail\3D_recon\3d_spectrum_data\spectrum_612.hist
7,2,2,C:\Users\karth\Downloads\Code_to_convert\trail\3D_recon\3d_spectrum_data\spectrum_613.hist
7,2,3,C:\Users\karth\Downloads\Code_to_convert\trail\3D_recon\3d_spectrum_data\spectrum_614.hist
7,2,4,C:\Users\karth\Downloads\Code_to_convert\trail\3D_recon\3d_spectrum_data\spectrum_615.hist
7,2,5,C:\Users\karth\Downloads\Code_to_convert\trail\3D_recon\3d_spectrum_data\spectrum_616.hist
7,2,6,C:\Users\karth\Downloads\Code_to_convert\trail\3D_recon\3d_spectrum_data\spectrum_617.hist
7,2,7,C:\Users\karth\Downloads\Code_to_convert\trail\3D_recon\3d_spectrum_data\spectrum_618.hist
7,2,8,C:\Users\karth\Downloads\Code_to_convert\trail\3D_recon\3d_spectrum_data\spectrum_619.hist
7,2,9,C:\Users\karth\Downloads\Code_to_convert\trail\3D_recon\3d_spectrum_data\spectrum_620.hist
7,3,0,C:\Users\karth\Downloads\Code_to_convert\trail\3D_recon\3d_spectrum_data\spectrum_621.hist
7,3,1,C:\Users\karth\Downloads\Code_to_convert\trail\3D_recon\3d_spectrum_data\spectrum_622.hist
7,3,2,C:\Users\karth\Downloads\Code_to_convert\trail\3D_recon\3d_spectrum_data\spectrum_623.hist
7,3,3,C:\Users\karth\Downloads\Code_to_convert\trail\3D_recon\3d_spectrum_data\spectrum_624.hist
7,3,4,C:\Users\karth\Downloads\Code_to_convert\trail\3D_recon\3d_spectrum_data\spectrum_625.hist
7,3,5,C:\Users\karth\Downloads\Code_to_convert\trail\3D_recon\3d_spectrum_data\spectrum_626.hist
7,3,6,C:\Users\karth\Downloads\Code_to_convert\trail\3D_recon\3d_spectrum_data\spectrum_627.hist
7,3,7,C:\Users\karth\Downloads\Code_to_convert\trail\3D_recon\3d_spectrum_data\spectrum_628.hist
7,3,8,C:\Users\karth\Downloads\Code_to_convert\trail\3D_recon\3d_spectrum_data\spectrum_629.hist
7,3,9,C:\Users\karth\Downloads\Code_to_convert\trail\3D_recon\3d_spectrum_data\spectrum_630.hist
7,4,0,C:\Users\karth\Downloads\Code_to_convert\trail\3D_recon\3d_spectrum_data\spectrum_631.hist
7,4,1,C:\Users\karth\Downloads\Code_to_convert\trail\3D_recon\3d_spectrum_data\spectrum_632.hist
7,4,2,C:\Users\karth\Downloads\Code_to_convert\trail\3D_recon\3d_spectrum_data\spectrum_633.hist
7,4,3,C:\Users\karth\Downloads\Code_to_convert\trail\3D_recon\3d_spectrum_data\spectrum_634.hist
7,4,4,C:\Users\karth\Downloads\Code_to_convert\trail\3D_recon\3d_spectrum_data\spectrum_635.hist
7,4,5,C:\Users\karth\Downloads\Code_to_convert\trail\3D_recon\3d_spectrum_data\spectrum_636.hist
7,4,6,C:\Users\karth\Downloads\Code_to_convert\trail\3D_recon\3d_spectrum_data\spectrum_637.hist
7,4,7,C:\Users\karth\Downloads\Code_to_convert\trail\3D_recon\3d_spectrum_data\spectrum_638.hist
7,4,8,C:\Users\karth\Downloads\Code_to_convert\trail\3D_recon\3d_spectrum_data\spectrum_639.hist
7,4,9,C:\Users\karth\Downloads\Code_to_convert\trail\3D_recon\3d_spectrum_data\spectrum_640.hist
7,5,0,C:\Users\karth\Downloads\Code_to_convert\trail\3D_recon\3d_spectrum_data\spectrum_641.hist
7,5,1,C:\Users\karth\Downloads\Code_to_convert\trail\3D_recon\3d_spectrum_data\spectrum_642.hist
7,5,2,C:\Users\karth\Downloads\Code_to_convert\trail\3D_recon\3d_spectrum_data\spectrum_643.hist
7,5,3,C:\Users\karth\Downloads\Code_to_convert\trail\3D_recon\3d_spectrum_data\spectrum_644.hist
7,5,4,C:\Users\karth\Downloads\Code_to_convert\trail\3D_recon\3d_spectrum_data\spectrum_645.hist
7,5,5,C:\Users\karth\Downloads\Code_to_convert\trail\3D_recon\3d_spectrum_data\spectrum_646.hist
7,5,6,C:\Users\karth\Downloads\Code_to_convert\trail\3D_recon\3d_spectrum_data\spectrum_647.hist
7,5,7,C:\Users\karth\Downloads\Code_to_convert\trail\3D_recon\3d_spectrum_data\spectrum_648.hist
7,5,8,C:\Users\karth\Downloads\Code_to_convert\trail\3D_recon\3d_spectrum_data\spectrum_649.hist
7,5,9,C:\Users\karth\Downloads\Code_to_convert\trail\3D_recon\3d_spectrum_data\spectrum_650.hist
7,6,0,C:\Users\karth\Downloads\Code_to_convert\trail\3D_recon\3d_spectrum_data\spectrum_651.hist
7,6,1,C:\Users\karth\Downloads\Code_to_convert\trail\3D_recon\3d_spectrum_data\spectrum_652.hist
7,6,2,C:\Users\karth\Downloads\Code_to_convert\trail\3D_recon\3d_spectrum_data\spectrum_653.hist
7,6,3,C:\Users\karth\Downloads\Code_to_convert\trail\3D_recon\3d_spectrum_data\spectrum_654.hist
7,6,4,C:\Users\karth\Downloads\Code_to_convert\trail\3D_recon\3d_spectrum_data\spectrum_655.hist
7,6,5,C:\Users\karth\Downloads\Code_to_convert\trail\3D_recon\3d_spectrum_data\spectrum_656.hist
7,6,6,C:\Users\karth\Downloads\Code_to_convert\trail\3D_recon\3d_spectrum_data\spectrum_657.hist
7,6,7,C:\Users\karth\Downloads\Code_to_convert\trail\3D_recon\3d_spectrum_data\spectrum_658.hist
7,6,8,C:\Users\karth\Downloads\Code_to_convert\trail\3D_recon\3d_spectrum_data\spectrum_659.hist
7,6,9,C:\Users\karth\Downloads\Code_to_convert\trail\3D_recon\3d_spectrum_data\spectrum_660.hist
7,7,0,C:\Users\karth\Downloads\Code_to_convert\trail\3D_recon\3d_spectrum_data\spectrum_661.hist
7,7,1,C:\Users\karth\Downloads\Code_to_convert\trail\3D_recon\3d_spectrum_data\spectrum_662.hist
7,7,2,C:\Users\karth\Downloads\Code_to_convert\trail\3D_recon\3d_spectrum_data\spectrum_663.hist
7,7,3,C:\Users\karth\Downloads\Code_to_convert\trail\3D_recon\3d_spectrum_data\spectrum_664.hist
7,7,4,C:\Users\karth\Downloads\Code_to_convert\trail\3D_recon\3d_spectrum_data\spectrum_665.hist
7,7,5,C:\Users\karth\Downloads\Code_to_convert\trail\3D_recon\3d_spectrum_data\spectrum_666.hist
7,7,6,C:\Users\karth\Downloads\Code_to_convert\trail\3D_recon\3d_spectrum_data\spectrum_667.hist
7,7,7,C:\Users\karth\Downloads\Code_to_convert\trail\3D_recon\3d_spectrum_data\spectrum_668.hist
7,7,8,C:\Users\karth\Downloads\Code_to_convert\trail\3D_recon\3d_spectrum_data\spectrum_669.hist
7,7,9,C:\Users\karth\Downloads\Code_to_convert\trail\3D_recon\3d_spectrum_data\spectrum_670.hist
7,8,0,C:\Users\karth\Downloads\Code_to_convert\trail\3D_recon\3d_spectrum_data\spectrum_671.hist
7,8,1,C:\Users\karth\Downloads\Code_to_convert\trail\3D_recon\3d_spectrum_data\spectrum_672.hist
7,8,2,C:\Users\karth\Downloads\Code_to_convert\trail\3D_recon\3d_spectrum_data\spectrum_673.hist
7,8,3,C:\Users\karth\Downloads\Code_to_convert\trail\3D_recon\3d_spectrum_data\spectrum_674.hist
7,8,4,C:\Users\karth\Downloads\Code_to_convert\trail\3D_recon\3d_spectrum_data\spectrum_675.hist
7,8,5,C:\Users\karth\Downloads\Code_to_convert\trail\3D_recon\3d_spectrum_data\spectrum_676.hist
7,8,6,C:\Users\karth\Downloads\Code_to_convert\trail\3D_recon\3d_spectrum_data\spectrum_677.hist
7,8,7,C:\Users\karth\Downloads\Code_to_convert\trail\3D_recon\3d_spectrum_data\spectrum_678.hist
7,8,8,C:\Users\karth\Downloads\Code_to_convert\trail\3D_recon\3d_spectrum_data\spectrum_679.hist
7,8,9,C:\Users\karth\Downloads\Code_to_convert\trail\3D_recon\3d_spectrum_data\spectrum_680.hist
7,9,0,C:\Users\karth\Downloads\Code_to_convert\trail\3D_recon\3d_spectrum_data\spectrum_681.hist
7,9,1,C:\Users\karth\Downloads\Code_to_convert\trail\3D_recon\3d_spectrum_data\spectrum_682.hist
7,9,2,C:\Users\karth\Downloads\Code_to_convert\trail\3D_recon\3d_spectrum_data\spectrum_683.hist
7,9,3,C:\Users\karth\Downloads\Code_to_convert\trail\3D_recon\3d_spectrum_data\spectrum_684.hist
7,9,4,C:\Users\karth\Downloads\Code_to_convert\trail\3D_recon\3d_spectrum_data\spectrum_685.hist
7,9,5,C:\Users\karth\Downloads\Code_to_convert\trail\3D_recon\3d_spectrum_data\spectrum_686.hist
7,9,6,C:\Users\karth\Downloads\Code_to_convert\trail\3D_recon\3d_spectrum_data\spectrum_687.hist
7,9,7,C:\Users\karth\Downloads\Code_to_convert\trail\3D_recon\3d_spectrum_data\spectrum_688.hist
7,9,8,C:\Users\karth\Downloads\Code_to_convert\trail\3D_recon\3d_spectrum_data\spectrum_689.hist
7,9,9,C:\Users\karth\Downloads\Code_to_convert\trail\3D_recon\3d_spectrum_data\spectrum_690.hist
7,10,0,C:\Users\karth\Downloads\Code_to_convert\trail\3D_recon\3d_spectrum_data\spectrum_691.hist
7,10,1,C:\Users\karth\Downloads\Code_to_convert\trail\3D_recon\3d_spectrum_data\spectrum_692.hist
7,10,2,C:\Users\karth\Downloads\Code_to_convert\trail\3D_recon\3d_spectrum_data\spectrum_693.hist
7,10,3,C:\Users\karth\Downloads\Code_to_convert\trail\3D_recon\3d_spectrum_data\spectrum_694.hist
7,10,4,C:\Users\karth\Downloads\Code_to_convert\trail\3D_recon\3d_spectrum_data\spectrum_695.hist
7,10,5,C:\Users\karth\Downloads\Code_to_convert\trail\3D_recon\3d_spectrum_data\spectrum_696.hist
7,10,6,C:\Users\karth\Downloads\Code_to_convert\trail\3D_recon\3d_spectrum_data\spectrum_697.hist
7,10,7,C:\Users\karth\Downloads\Code_to_convert\trail\3D_recon\3d_spectrum_data\spectrum_698.hist
7,10,8,C:\Users\karth\Downloads\Code_to_convert\trail\3D_recon\3d_spectrum_data\spectrum_699.hist
7,10,9,C:\Users\karth\Downloads\Code_to_convert\trail\3D_recon\3d_spectrum_data\spectrum_700.hist
8,1,0,C:\Users\karth\Downloads\Code_to_convert\trail\3D_recon\3d_spectrum_data\spectrum_701.hist
8,1,1,C:\Users\karth\Downloads\Code_to_convert\trail\3D_recon\3d_spectrum_data\spectrum_702.hist
8,1,2,C:\Users\karth\Downloads\Code_to_convert\trail\3D_recon\3d_spectrum_data\spectrum_703.hist
8,1,3,C:\Users\karth\Downloads\Code_to_convert\trail\3D_recon\3d_spectrum_data\spectrum_704.hist
8,1,4,C:\Users\karth\Downloads\Code_to_convert\trail\3D_recon\3d_spectrum_data\spectrum_705.hist
8,1,5,C:\Users\karth\Downloads\Code_to_convert\trail\3D_recon\3d_spectrum_data\spectrum_706.hist
8,1,6,C:\Users\karth\Downloads\Code_to_convert\trail\3D_recon\3d_spectrum_data\spectrum_707.hist
8,1,7,C:\Users\karth\Downloads\Code_to_convert\trail\3D_recon\3d_spectrum_data\spectrum_708.hist
8,1,8,C:\Users\karth\Downloads\Code_to_convert\trail\3D_recon\3d_spectrum_data\spectrum_709.hist
8,1,9,C:\Users\karth\Downloads\Code_to_convert\trail\3D_recon\3d_spectrum_data\spectrum_710.hist
8,2,0,C:\Users\karth\Downloads\Code_to_convert\trail\3D_recon\3d_spectrum_data\spectrum_711.hist
8,2,1,C:\Users\karth\Downloads\Code_to_convert\trail\3D_recon\3d_spectrum_data\spectrum_712.hist
8,2,2,C:\Users\karth\Downloads\Code_to_convert\trail\3D_recon\3d_spectrum_data\spectrum_713.hist
8,2,3,C:\Users\karth\Downloads\Code_to_convert\trail\3D_recon\3d_spectrum_data\spectrum_714.hist
8,2,4,C:\Users\karth\Downloads\Code_to_convert\trail\3D_recon\3d_spectrum_data\spectrum_715.hist
8,2,5,C:\Users\karth\Downloads\Code_to_convert\trail\3D_recon\3d_spectrum_data\spectrum_716.hist
8,2,6,C:\Users\karth\Downloads\Code_to_convert\trail\3D_recon\3d_spectrum_data\spectrum_717.hist
8,2,7,C:\Users\karth\Downloads\Code_to_convert\trail\3D_recon\3d_spectrum_data\spectrum_718.hist
8,2,8,C:\Users\karth\Downloads\Code_to_convert\trail\3D_recon\3d_spectrum_data\spectrum_719.hist
8,2,9,C:\Users\karth\Downloads\Code_to_convert\trail\3D_recon\3d_spectrum_data\spectrum_720.hist
8,3,0,C:\Users\karth\Downloads\Code_to_convert\trail\3D_recon\3d_spectrum_data\spectrum_721.hist
8,3,1,C:\Users\karth\Downloads\Code_to_convert\trail\3D_recon\3d_spectrum_data\spectrum_722.hist
8,3,2,C:\Users\karth\Downloads\Code_to_convert\trail\3D_recon\3d_spectrum_data\spectrum_723.hist
8,3,3,C:\Users\karth\Downloads\Code_to_convert\trail\3D_recon\3d_spectrum_data\spectrum_724.hist
8,3,4,C:\Users\karth\Downloads\Code_to_convert\trail\3D_recon\3d_spectrum_data\spectrum_725.hist
8,3,5,C:\Users\karth\Downloads\Code_to_convert\trail\3D_recon\3d_spectrum_data\spectrum_726.hist
8,3,6,C:\Users\karth\Downloads\Code_to_convert\trail\3D_recon\3d_spectrum_data\spectrum_727.hist
8,3,7,C:\Users\karth\Downloads\Code_to_convert\trail\3D_recon\3d_spectrum_data\spectrum_728.hist
8,3,8,C:\Users\karth\Downloads\Code_to_convert\trail\3D_recon\3d_spectrum_data\spectrum_729.hist
8,3,9,C:\Users\karth\Downloads\Code_to_convert\trail\3D_recon\3d_spectrum_data\spectrum_730.hist
8,4,0,C:\Users\karth\Downloads\Code_to_convert\trail\3D_recon\3d_spectrum_data\spectrum_731.hist
8,4,1,C:\Users\karth\Downloads\Code_to_convert\trail\3D_recon\3d_spectrum_data\spectrum_732.hist
8,4,2,C:\Users\karth\Downloads\Code_to_convert\trail\3D_recon\3d_spectrum_data\spectrum_733.hist
8,4,3,C:\Users\karth\Downloads\Code_to_convert\trail\3D_recon\3d_spectrum_data\spectrum_734.hist
8,4,4,C:\Users\karth\Downloads\Code_to_convert\trail\3D_recon\3d_spectrum_data\spectrum_735.hist
8,4,5,C:\Users\karth\Downloads\Code_to_convert\trail\3D_recon\3d_spectrum_data\spectrum_736.hist
8,4,6,C:\Users\karth\Downloads\Code_to_convert\trail\3D_recon\3d_spectrum_data\spectrum_737.hist
8,4,7,C:\Users\karth\Downloads\Code_to_convert\trail\3D_recon\3d_spectrum_data\spectrum_738.hist
8,4,8,C:\Users\karth\Downloads\Code_to_convert\trail\3D_recon\3d_spectrum_data\spectrum_739.hist
8,4,9,C:\Users\karth\Downloads\Code_to_convert\trail\3D_recon\3d_spectrum_data\spectrum_740.hist
8,5,0,C:\Users\karth\Downloads\Code_to_convert\trail\3D_recon\3d_spectrum_data\spectrum_741.hist
8,5,1,C:\Users\karth\Downloads\Code_to_convert\trail\3D_recon\3d_spectrum_data\spectrum_742.hist
8,5,2,C:\Users\karth\Downloads\Code_to_convert\trail\3D_recon\3d_spectrum_data\spectrum_743.hist
8,5,3,C:\Users\karth\Downloads\Code_to_convert\trail\3D_recon\3d_spectrum_data\spectrum_744.hist
8,5,4,C:\Users\karth\Downloads\Code_to_convert\trail\3D_recon\3d_spectrum_data\spectrum_745.hist
8,5,5,C:\Users\karth\Downloads\Code_to_convert\trail\3D_recon\3d_spectrum_data\spectrum_746.hist
8,5,6,C:\Users\karth\Downloads\Code_to_convert\trail\3D_recon\3d_spectrum_data\spectrum_747.hist
8,5,7,C:\Users\karth\Downloads\Code_to_convert\trail\3D_recon\3d_spectrum_data\spectrum_748.hist
8,5,8,C:\Users\karth\Downloads\Code_to_convert\trail\3D_recon\3d_spectrum_data\spectrum_749.hist
8,5,9,C:\Users\karth\Downloads\Code_to_convert\trail\3D_recon\3d_spectrum_data\spectrum_750.hist
8,6,0,C:\Users\karth\Downloads\Code_to_convert\trail\3D_recon\3d_spectrum_data\spectrum_751.hist
8,6,1,C:\Users\karth\Downloads\Code_to_convert\trail\3D_recon\3d_spectrum_data\spectrum_752.hist
8,6,2,C:\Users\karth\Downloads\Code_to_convert\trail\3D_recon\3d_spectrum_data\spectrum_753.hist
8,6,3,C:\Users\karth\Downloads\Code_to_convert\trail\3D_recon\3d_spectrum_data\spectrum_754.hist
8,6,4,C:\Users\karth\Downloads\Code_to_convert\trail\3D_recon\3d_spectrum_data\spectrum_755.hist
8,6,5,C:\Users\karth\Downloads\Code_to_convert\trail\3D_recon\3d_spectrum_data\spectrum_756.hist
8,6,6,C:\Users\karth\Downloads\Code_to_convert\trail\3D_recon\3d_spectrum_data\spectrum_757.hist
8,6,7,C:\Users\karth\Downloads\Code_to_convert\trail\3D_recon\3d_spectrum_data\spectrum_758.hist
8,6,8,C:\Users\karth\Downloads\Code_to_convert\trail\3D_recon\3d_spectrum_data\spectrum_759.hist
8,6,9,C:\Users\karth\Downloads\Code_to_convert\trail\3D_recon\3d_spectrum_data\spectrum_760.hist
8,7,0,C:\Users\karth\Downloads\Code_to_convert\trail\3D_recon\3d_spectrum_data\spectrum_761.hist
8,7,1,C:\Users\karth\Downloads\Code_to_convert\trail\3D_recon\3d_spectrum_data\spectrum_762.hist
8,7,2,C:\Users\karth\Downloads\Code_to_convert\trail\3D_recon\3d_spectrum_data\spectrum_763.hist
8,7,3,C:\Users\karth\Downloads\Code_to_convert\trail\3D_recon\3d_spectrum_data\spectrum_764.hist
8,7,4,C:\Users\karth\Downloads\Code_to_convert\trail\3D_recon\3d_spectrum_data\spectrum_765.hist
8,7,5,C:\Users\karth\Downloads\Code_to_convert\trail\3D_recon\3d_spectrum_data\spectrum_766.hist
8,7,6,C:\Users\karth\Downloads\Code_to_convert\trail\3D_recon\3d_spectrum_data\spectrum_767.hist
8,7,7,C:\Users\karth\Downloads\Code_to_convert\trail\3D_recon\3d_spectrum_data\spectrum_768.hist
8,7,8,C:\Users\karth\Downloads\Code_to_convert\trail\3D_recon\3d_spectrum_data\spectrum_769.hist
8,7,9,C:\Users\karth\Downloads\Code_to_convert\trail\3D_recon\3d_spectrum_data\spectrum_770.hist
8,8,0,C:\Users\karth\Downloads\Code_to_convert\trail\3D_recon\3d_spectrum_data\spectrum_771.hist
8,8,1,C:\Users\karth\Downloads\Code_to_convert\trail\3D_recon\3d_spectrum_data\spectrum_772.hist
8,8,2,C:\Users\karth\Downloads\Code_to_convert\trail\3D_recon\3d_spectrum_data\spectrum_773.hist
8,8,3,C:\Users\karth\Downloads\Code_to_convert\trail\3D_recon\3d_spectrum_data\spectrum_774.hist
8,8,4,C:\Users\karth\Downloads\Code_to_convert\trail\3D_recon\3d_spectrum_data\spectrum_775.hist
8,8,5,C:\Users\karth\Downloads\Code_to_convert\trail\3D_recon\3d_spectrum_data\spectrum_776.hist
8,8,6,C:\Users\karth\Downloads\Code_to_convert\trail\3D_recon\3d_spectrum_data\spectrum_777.hist
8,8,7,C:\Users\karth\Downloads\Code_to_convert\trail\3D_recon\3d_spectrum_data\spectrum_778.hist
8,8,8,C:\Users\karth\Downloads\Code_to_convert\trail\3D_recon\3d_spectrum_data\spectrum_779.hist
8,8,9,C:\Users\karth\Downloads\Code_to_convert\trail\3D_recon\3d_spectrum_data\spectrum_780.hist
8,9,0,C:\Users\karth\Downloads\Code_to_convert\trail\3D_recon\3d_spectrum_data\spectrum_781.hist
8,9,1,C:\Users\karth\Downloads\Code_to_convert\trail\3D_recon\3d_spectrum_data\spectrum_782.hist
8,9,2,C:\Users\karth\Downloads\Code_to_convert\trail\3D_recon\3d_spectrum_data\spectrum_783.hist
8,9,3,C:\Users\karth\Downloads\Code_to_convert\trail\3D_recon\3d_spectrum_data\spectrum_784.hist
8,9,4,C:\Users\karth\Downloads\Code_to_convert\trail\3D_recon\3d_spectrum_data\spectrum_785.hist
8,9,5,C:\Users\karth\Downloads\Code_to_convert\trail\3D_recon\3d_spectrum_data\spectrum_786.hist
8,9,6,C:\Users\karth\Downloads\Code_to_convert\trail\3D_recon\3d_spectrum_data\spectrum_787.hist
8,9,7,C:\Users\karth\Downloads\Code_to_convert\trail\3D_recon\3d_spectrum_data\spectrum_788.hist
8,9,8,C:\Users\karth\Downloads\Code_to_convert\trail\3D_recon\3d_spectrum_data\spectrum_789.hist
8,9,9,C:\Users\karth\Downloads\Code_to_convert\trail\3D_recon\3d_spectrum_data\spectrum_790.hist
8,10,0,C:\Users\karth\Downloads\Code_to_convert\trail\3D_recon\3d_spectrum_data\spectrum_791.hist
8,10,1,C:\Users\karth\Downloads\Code_to_convert\trail\3D_recon\3d_spectrum_data\spectrum_792.hist
8,10,2,C:\Users\karth\Downloads\Code_to_convert\trail\3D_recon\3d_spectrum_data\spectrum_793.hist
8,10,3,C:\Users\karth\Downloads\Code_to_convert\trail\3D_recon\3d_spectrum_data\spectrum_794.hist
8,10,4,C:\Users\karth\Downloads\Code_to_convert\trail\3D_recon\3d_spectrum_data\spectrum_795.hist
8,10,5,C:\Users\karth\Downloads\Code_to_convert\trail\3D_recon\3d_spectrum_data\spectrum_796.hist
8,10,6,C:\Users\karth\Downloads\Code_to_convert\trail\3D_recon\3d_spectrum_data\spectrum_797.hist
8,10,7,C:\Users\karth\Downloads\Code_to_convert\trail\3D_recon\3d_spectrum_data\spectrum_798.hist
8,10,8,C:\Users\karth\Downloads\Code_to_convert\trail\3D_recon\3d_spectrum_data\spectrum_799.hist
8,10,9,C:\Users\karth\Downloads\Code_to_convert\trail\3D_recon\3d_spectrum_data\spectrum_800.hist
9,1,0,C:\Users\karth\Downloads\Code_to_convert\trail\3D_recon\3d_spectrum_data\spectrum_801.hist
9,1,1,C:\Users\karth\Downloads\Code_to_convert\trail\3D_recon\3d_spectrum_data\spectrum_802.hist
9,1,2,C:\Users\karth\Downloads\Code_to_convert\trail\3D_recon\3d_spectrum_data\spectrum_803.hist
9,1,3,C:\Users\karth\Downloads\Code_to_convert\trail\3D_recon\3d_spectrum_data\spectrum_804.hist
9,1,4,C:\Users\karth\Downloads\Code_to_convert\trail\3D_recon\3d_spectrum_data\spectrum_805.hist
9,1,5,C:\Users\karth\Downloads\Code_to_convert\trail\3D_recon\3d_spectrum_data\spectrum_806.hist
9,1,6,C:\Users\karth\Downloads\Code_to_convert\trail\3D_recon\3d_spectrum_data\spectrum_807.hist
9,1,7,C:\Users\karth\Downloads\Code_to_convert\trail\3D_recon\3d_spectrum_data\spectrum_808.hist
9,1,8,C:\Users\karth\Downloads\Code_to_convert\trail\3D_recon\3d_spectrum_data\spectrum_809.hist
9,1,9,C:\Users\karth\Downloads\Code_to_convert\trail\3D_recon\3d_spectrum_data\spectrum_810.hist
9,2,0,C:\Users\karth\Downloads\Code_to_convert\trail\3D_recon\3d_spectrum_data\spectrum_811.hist
9,2,1,C:\Users\karth\Downloads\Code_to_convert\trail\3D_recon\3d_spectrum_data\spectrum_812.hist
9,2,2,C:\Users\karth\Downloads\Code_to_convert\trail\3D_recon\3d_spectrum_data\spectrum_813.hist
9,2,3,C:\Users\karth\Downloads\Code_to_convert\trail\3D_recon\3d_spectrum_data\spectrum_814.hist
9,2,4,C:\Users\karth\Downloads\Code_to_convert\trail\3D_recon\3d_spectrum_data\spectrum_815.hist
9,2,5,C:\Users\karth\Downloads\Code_to_convert\trail\3D_recon\3d_spectrum_data\spectrum_816.hist
9,2,6,C:\Users\karth\Downloads\Code_to_convert\trail\3D_recon\3d_spectrum_data\spectrum_817.hist
9,2,7,C:\Users\karth\Downloads\Code_to_convert\trail\3D_recon\3d_spectrum_data\spectrum_818.hist
9,2,8,C:\Users\karth\Downloads\Code_to_convert\trail\3D_recon\3d_spectrum_data\spectrum_819.hist
9,2,9,C:\Users\karth\Downloads\Code_to_convert\trail\3D_recon\3d_spectrum_data\spectrum_820.hist
9,3,0,C:\Users\karth\Downloads\Code_to_convert\trail\3D_recon\3d_spectrum_data\spectrum_821.hist
9,3,1,C:\Users\karth\Downloads\Code_to_convert\trail\3D_recon\3d_spectrum_data\spectrum_822.hist
9,3,2,C:\Users\karth\Downloads\Code_to_convert\trail\3D_recon\3d_spectrum_data\spectrum_823.hist
9,3,3,C:\Users\karth\Downloads\Code_to_convert\trail\3D_recon\3d_spectrum_data\spectrum_824.hist
9,3,4,C:\Users\karth\Downloads\Code_to_convert\trail\3D_recon\3d_spectrum_data\spectrum_825.hist
9,3,5,C:\Users\karth\Downloads\Code_to_convert\trail\3D_recon\3d_spectrum_data\spectrum_826.hist
9,3,6,C:\Users\karth\Downloads\Code_to_convert\trail\3D_recon\3d_spectrum_data\spectrum_827.hist
9,3,7,C:\Users\karth\Downloads\Code_to_convert\trail\3D_recon\3d_spectrum_data\spectrum_828.hist
9,3,8,C:\Users\karth\Downloads\Code_to_convert\trail\3D_recon\3d_spectrum_data\spectrum_829.hist
9,3,9,C:\Users\karth\Downloads\Code_to_convert\trail\3D_recon\3d_spectrum_data\spectrum_830.hist
9,4,0,C:\Users\karth\Downloads\Code_to_convert\trail\3D_recon\3d_spectrum_data\spectrum_831.hist
9,4,1,C:\Users\karth\Downloads\Code_to_convert\trail\3D_recon\3d_spectrum_data\spectrum_832.hist
9,4,2,C:\Users\karth\Downloads\Code_to_convert\trail\3D_recon\3d_spectrum_data\spectrum_833.hist
9,4,3,C:\Users\karth\Downloads\Code_to_convert\trail\3D_recon\3d_spectrum_data\spectrum_834.hist
9,4,4,C:\Users\karth\Downloads\Code_to_convert\trail\3D_recon\3d_spectrum_data\spectrum_835.hist
9,4,5,C:\Users\karth\Downloads\Code_to_convert\trail\3D_recon\3d_spectrum_data\spectrum_836.hist
9,4,6,C:\Users\karth\Downloads\Code_to_convert\trail\3D_recon\3d_spectrum_data\spectrum_837.hist
9,4,7,C:\Users\karth\Downloads\Code_to_convert\trail\3D_recon\3d_spectrum_data\spectrum_838.hist
9,4,8,C:\Users\karth\Downloads\Code_to_convert\trail\3D_recon\3d_spectrum_data\spectrum_839.hist
9,4,9,C:\Users\karth\Downloads\Code_to_convert\trail\3D_recon\3d_spectrum_data\spectrum_840.hist
9,5,0,C:\Users\karth\Downloads\Code_to_convert\trail\3D_recon\3d_spectrum_data\spectrum_841.hist
9,5,1,C:\Users\karth\Downloads\Code_to_convert\trail\3D_recon\3d_spectrum_data\spectrum_842.hist
9,5,2,C:\Users\karth\Downloads\Code_to_convert\trail\3D_recon\3d_spectrum_data\spectrum_843.hist
9,5,3,C:\Users\karth\Downloads\Code_to_convert\trail\3D_recon\3d_spectrum_data\spectrum_844.hist
9,5,4,C:\Users\karth\Downloads\Code_to_convert\trail\3D_recon\3d_spectrum_data\spectrum_845.hist
9,5,5,C:\Users\karth\Downloads\Code_to_convert\trail\3D_recon\3d_spectrum_data\spectrum_846.hist
9,5,6,C:\Users\karth\Downloads\Code_to_convert\trail\3D_recon\3d_spectrum_data\spectrum_847.hist
9,5,7,C:\Users\karth\Downloads\Code_to_convert\trail\3D_recon\3d_spectrum_data\spectrum_848.hist
9,5,8,C:\Users\karth\Downloads\Code_to_convert\trail\3D_recon\3d_spectrum_data\spectrum_849.hist
9,5,9,C:\Users\karth\Downloads\Code_to_convert\trail\3D_recon\3d_spectrum_data\spectrum_850.hist
9,6,0,C:\Users\karth\Downloads\Code_to_convert\trail\3D_recon\3d_spectrum_data\spectrum_851.hist
9,6,1,C:\Users\karth\Downloads\Code_to_convert\trail\3D_recon\3d_spectrum_data\spectrum_852.hist
9,6,2,C:\Users\karth\Downloads\Code_to_convert\trail\3D_recon\3d_spectrum_data\spectrum_853.hist
9,6,3,C:\Users\karth\Downloads\Code_to_convert\trail\3D_recon\3d_spectrum_data\spectrum_854.hist
9,6,4,C:\Users\karth\Downloads\Code_to_convert\trail\3D_recon\3d_spectrum_data\spectrum_855.hist
9,6,5,C:\Users\karth\Downloads\Code_to_convert\trail\3D_recon\3d_spectrum_data\spectrum_856.hist
9,6,6,C:\Users\karth\Downloads\Code_to_convert\trail\3D_recon\3d_spectrum_data\spectrum_857.hist
9,6,7,C:\Users\karth\Downloads\Code_to_convert\trail\3D_recon\3d_spectrum_data\spectrum_858.hist
9,6,8,C:\Users\karth\Downloads\Code_to_convert\trail\3D_recon\3d_spectrum_data\spectrum_859.hist
9,6,9,C:\Users\karth\Downloads\Code_to_convert\trail\3D_recon\3d_spectrum_data\spectrum_860.hist
9,7,0,C:\Users\karth\Downloads\Code_to_convert\trail\3D_recon\3d_spectrum_data\spectrum_861.hist
9,7,1,C:\Users\karth\Downloads\Code_to_convert\trail\3D_recon\3d_spectrum_data\spectrum_862.hist
9,7,2,C:\Users\karth\Downloads\Code_to_convert\trail\3D_recon\3d_spectrum_data\spectrum_863.hist
9,7,3,C:\Users\karth\Downloads\Code_to_convert\trail\3D_recon\3d_spectrum_data\spectrum_864.hist
9,7,4,C:\Users\karth\Downloads\Code_to_convert\trail\3D_recon\3d_spectrum_data\spectrum_865.hist
9,7,5,C:\Users\karth\Downloads\Code_to_convert\trail\3D_recon\3d_spectrum_data\spectrum_866.hist
9,7,6,C:\Users\karth\Downloads\Code_to_convert\trail\3D_recon\3d_spectrum_data\spectrum_867.hist
9,7,7,C:\Users\karth\Downloads\Code_to_convert\trail\3D_recon\3d_spectrum_data\spectrum_868.hist
9,7,8,C:\Users\karth\Downloads\Code_to_convert\trail\3D_recon\3d_spectrum_data\spectrum_869.hist
9,7,9,C:\Users\karth\Downloads\Code_to_convert\trail\3D_recon\3d_spectrum_data\spectrum_870.hist
9,8,0,C:\Users\karth\Downloads\Code_to_convert\trail\3D_recon\3d_spectrum_data\spectrum_871.hist
9,8,1,C:\Users\karth\Downloads\Code_to_convert\trail\3D_recon\3d_spectrum_data\spectrum_872.hist
9,8,2,C:\Users\karth\Downloads\Code_to_convert\trail\3D_recon\3d_spectrum_data\spectrum_873.hist
9,8,3,C:\Users\karth\Downloads\Code_to_convert\trail\3D_recon\3d_spectrum_data\spectrum_874.hist
9,8,4,C:\Users\karth\Downloads\Code_to_convert\trail\3D_recon\3d_spectrum_data\spectrum_875.hist
9,8,5,C:\Users\karth\Downloads\Code_to_convert\trail\3D_recon\3d_spectrum_data\spectrum_876.hist
9,8,6,C:\Users\karth\Downloads\Code_to_convert\trail\3D_recon\3d_spectrum_data\spectrum_877.hist
9,8,7,C:\Users\karth\Downloads\Code_to_convert\trail\3D_recon\3d_spectrum_data\spectrum_878.hist
9,8,8,C:\Users\karth\Downloads\Code_to_convert\trail\3D_recon\3d_spectrum_data\spectrum_879.hist
9,8,9,C:\Users\karth\Downloads\Code_to_convert\trail\3D_recon\3d_spectrum_data\spectrum_880.hist
9,9,0,C:\Users\karth\Downloads\Code_to_convert\trail\3D_recon\3d_spectrum_data\spectrum_881.hist
9,9,1,C:\Users\karth\Downloads\Code_to_convert\trail\3D_recon\3d_spectrum_data\spectrum_882.hist
9,9,2,C:\Users\karth\Downloads\Code_to_convert\trail\3D_recon\3d_spectrum_data\spectrum_883.hist
9,9,3,C:\Users\karth\Downloads\Code_to_convert\trail\3D_recon\3d_spectrum_data\spectrum_884.hist
9,9,4,C:\Users\karth\Downloads\Code_to_convert\trail\3D_recon\3d_spectrum_data\spectrum_885.hist
9,9,5,C:\Users\karth\Downloads\Code_to_convert\trail\3D_recon\3d_spectrum_data\spectrum_886.hist
9,9,6,C:\Users\karth\Downloads\Code_to_convert\trail\3D_recon\3d_spectrum_data\spectrum_887.hist
9,9,7,C:\Users\karth\Downloads\Code_to_convert\trail\3D_recon\3d_spectrum_data\spectrum_888.hist
9,9,8,C:\Users\karth\Downloads\Code_to_convert\trail\3D_recon\3d_spectrum_data\spectrum_889.hist
9,9,9,C:\Users\karth\Downloads\Code_to_convert\trail\3D_recon\3d_spectrum_data\spectrum_890.hist
9,10,0,C:\Users\karth\Downloads\Code_to_convert\trail\3D_recon\3d_spectrum_data\spectrum_891.hist
9,10,1,C:\Users\karth\Downloads\Code_to_convert\trail\3D_recon\3d_spectrum_data\spectrum_892.hist
9,10,2,C:\Users\karth\Downloads\Code_to_convert\trail\3D_recon\3d_spectrum_data\spectrum_893.hist
9,10,3,C:\Users\karth\Downloads\Code_to_convert\trail\3D_recon\3d_spectrum_data\spectrum_894.hist
9,10,4,C:\Users\karth\Downloads\Code_to_convert\trail\3D_recon\3d_spectrum_data\spectrum_895.hist
9,10,5,C:\Users\karth\Downloads\Code_to_convert\trail\3D_recon\3d_spectrum_data\spectrum_896.hist
9,10,6,C:\Users\karth\Downloads\Code_to_convert\trail\3D_recon\3d_spectrum_data\spectrum_897.hist
9,10,7,C:\Users\karth\Downloads\Code_to_convert\trail\3D_recon\3d_spectrum_data\spectrum_898.hist
9,10,8,C:\Users\karth\Downloads\Code_to_convert\trail\3D_recon\3d_spectrum_data\spectrum_899.hist
9,10,9,C:\Users\karth\Downloads\Code_to_convert\trail\3D_recon\3d_spectrum_data\spectrum_900.hist
10,1,0,C:\Users\karth\Downloads\Code_to_convert\trail\3D_recon\3d_spectrum_data\spectrum_901.hist
10,1,1,C:\Users\karth\Downloads\Code_to_convert\trail\3D_recon\3d_spectrum_data\spectrum_902.hist
10,1,2,C:\Users\karth\Downloads\Code_to_convert\trail\3D_recon\3d_spectrum_data\spectrum_903.hist
10,1,3,C:\Users\karth\Downloads\Code_to_convert\trail\3D_recon\3d_spectrum_data\spectrum_904.hist
10,1,4,C:\Users\karth\Downloads\Code_to_convert\trail\3D_recon\3d_spectrum_data\spectrum_905.hist
10,1,5,C:\Users\karth\Downloads\Code_to_convert\trail\3D_recon\3d_spectrum_data\spectrum_906.hist
10,1,6,C:\Users\karth\Downloads\Code_to_convert\trail\3D_recon\3d_spectrum_data\spectrum_907.hist
10,1,7,C:\Users\karth\Downloads\Code_to_convert\trail\3D_recon\3d_spectrum_data\spectrum_908.hist
10,1,8,C:\Users\karth\Downloads\Code_to_convert\trail\3D_recon\3d_spectrum_data\spectrum_909.hist
10,1,9,C:\Users\karth\Downloads\Code_to_convert\trail\3D_recon\3d_spectrum_data\spectrum_910.hist
10,2,0,C:\Users\karth\Downloads\Code_to_convert\trail\3D_recon\3d_spectrum_data\spectrum_911.hist
10,2,1,C:\Users\karth\Downloads\Code_to_convert\trail\3D_recon\3d_spectrum_data\spectrum_912.hist
10,2,2,C:\Users\karth\Downloads\Code_to_convert\trail\3D_recon\3d_spectrum_data\spectrum_913.hist
10,2,3,C:\Users\karth\Downloads\Code_to_convert\trail\3D_recon\3d_spectrum_data\spectrum_914.hist
10,2,4,C:\Users\karth\Downloads\Code_to_convert\trail\3D_recon\3d_spectrum_data\spectrum_915.hist
10,2,5,C:\Users\karth\Downloads\Code_to_convert\trail\3D_recon\3d_spectrum_data\spectrum_916.hist
10,2,6,C:\Users\karth\Downloads\Code_to_convert\trail\3D_recon\3d_spectrum_data\spectrum_917.hist
10,2,7,C:\Users\karth\Downloads\Code_to_convert\trail\3D_recon\3d_spectrum_data\spectrum_918.hist
10,2,8,C:\Users\karth\Downloads\Code_to_convert\trail\3D_recon\3d_spectrum_data\spectrum_919.hist
10,2,9,C:\Users\karth\Downloads\Code_to_convert\trail\3D_recon\3d_spectrum_data\spectrum_920.hist
10,3,0,C:\Users\karth\Downloads\Code_to_convert\trail\3D_recon\3d_spectrum_data\spectrum_921.hist
10,3,1,C:\Users\karth\Downloads\Code_to_convert\trail\3D_recon\3d_spectrum_data\spectrum_922.hist
10,3,2,C:\Users\karth\Downloads\Code_to_convert\trail\3D_recon\3d_spectrum_data\spectrum_923.hist
10,3,3,C:\Users\karth\Downloads\Code_to_convert\trail\3D_recon\3d_spectrum_data\spectrum_924.hist
10,3,4,C:\Users\karth\Downloads\Code_to_convert\trail\3D_recon\3d_spectrum_data\spectrum_925.hist
10,3,5,C:\Users\karth\Downloads\Code_to_convert\trail\3D_recon\3d_spectrum_data\spectrum_926.hist
10,3,6,C:\Users\karth\Downloads\Code_to_convert\trail\3D_recon\3d_spectrum_data\spectrum_927.hist
10,3,7,C:\Users\karth\Downloads\Code_to_convert\trail\3D_recon\3d_spectrum_data\spectrum_928.hist
10,3,8,C:\Users\karth\Downloads\Code_to_convert\trail\3D_recon\3d_spectrum_data\spectrum_929.hist
10,3,9,C:\Users\karth\Downloads\Code_to_convert\trail\3D_recon\3d_spectrum_data\spectrum_930.hist
10,4,0,C:\Users\karth\Downloads\Code_to_convert\trail\3D_recon\3d_spectrum_data\spectrum_931.hist
10,4,1,C:\Users\karth\Downloads\Code_to_convert\trail\3D_recon\3d_spectrum_data\spectrum_932.hist
10,4,2,C:\Users\karth\Downloads\Code_to_convert\trail\3D_recon\3d_spectrum_data\spectrum_933.hist
10,4,3,C:\Users\karth\Downloads\Code_to_convert\trail\3D_recon\3d_spectrum_data\spectrum_934.hist
10,4,4,C:\Users\karth\Downloads\Code_to_convert\trail\3D_recon\3d_spectrum_data\spectrum_935.hist
10,4,5,C:\Users\karth\Downloads\Code_to_convert\trail\3D_recon\3d_spectrum_data\spectrum_936.hist
10,4,6,C:\Users\karth\Downloads\Code_to_convert\trail\3D_recon\3d_spectrum_data\spectrum_937.hist
10,4,7,C:\Users\karth\Downloads\Code_to_convert\trail\3D_recon\3d_spectrum_data\spectrum_938.hist
10,4,8,C:\Users\karth\Downloads\Code_to_convert\trail\3D_recon\3d_spectrum_data\spectrum_939.hist
10,4,9,C:\Users\karth\Downloads\Code_to_convert\trail\3D_recon\3d_spectrum_data\spectrum_940.hist
10,5,0,C:\Users\karth\Downloads\Code_to_convert\trail\3D_recon\3d_spectrum_data\spectrum_941.hist
10,5,1,C:\Users\karth\Downloads\Code_to_convert\trail\3D_recon\3d_spectrum_data\spectrum_942.hist
10,5,2,C:\Users\karth\Downloads\Code_to_convert\trail\3D_recon\3d_spectrum_data\spectrum_943.hist
10,5,3,C:\Users\karth\Downloads\Code_to_convert\trail\3D_recon\3d_spectrum_data\spectrum_944.hist
10,5,4,C:\Users\karth\Downloads\Code_to_convert\trail\3D_recon\3d_spectrum_data\spectrum_945.hist
10,5,5,C:\Users\karth\Downloads\Code_to_convert\trail\3D_recon\3d_spectrum_data\spectrum_946.hist
10,5,6,C:\Users\karth\Downloads\Code_to_convert\trail\3D_recon\3d_spectrum_data\spectrum_947.hist
10,5,7,C:\Users\karth\Downloads\Code_to_convert\trail\3D_recon\3d_spectrum_data\spectrum_948.hist
10,5,8,C:\Users\karth\Downloads\Code_to_convert\trail\3D_recon\3d_spectrum_data\spectrum_949.hist
10,5,9,C:\Users\karth\Downloads\Code_to_convert\trail\3D_recon\3d_spectrum_data\spectrum_950.hist
10,6,0,C:\Users\karth\Downloads\Code_to_convert\trail\3D_recon\3d_spectrum_data\spectrum_951.hist
10,6,1,C:\Users\karth\Downloads\Code_to_convert\trail\3D_recon\3d_spectrum_data\spectrum_952.hist
10,6,2,C:\Users\karth\Downloads\Code_to_convert\trail\3D_recon\3d_spectrum_data\spectrum_953.hist
10,6,3,C:\Users\karth\Downloads\Code_to_convert\trail\3D_recon\3d_spectrum_data\spectrum_954.hist
10,6,4,C:\Users\karth\Downloads\Code_to_convert\trail\3D_recon\3d_spectrum_data\spectrum_955.hist
10,6,5,C:\Users\karth\Downloads\Code_to_convert\trail\3D_recon\3d_spectrum_data\spectrum_956.hist
10,6,6,C:\Users\karth\Downloads\Code_to_convert\trail\3D_recon\3d_spectrum_data\spectrum_957.hist
10,6,7,C:\Users\karth\Downloads\Code_to_convert\trail\3D_recon\3d_spectrum_data\spectrum_958.hist
10,6,8,C:\Users\karth\Downloads\Code_to_convert\trail\3D_recon\3d_spectrum_data\spectrum_959.hist
10,6,9,C:\Users\karth\Downloads\Code_to_convert\trail\3D_recon\3d_spectrum_data\spectrum_960.hist
10,7,0,C:\Users\karth\Downloads\Code_to_convert\trail\3D_recon\3d_spectrum_data\spectrum_961.hist
10,7,1,C:\Users\karth\Downloads\Code_to_convert\trail\3D_recon\3d_spectrum_data\spectrum_962.hist
10,7,2,C:\Users\karth\Downloads\Code_to_convert\trail\3D_recon\3d_spectrum_data\spectrum_963.hist
10,7,3,C:\Users\karth\Downloads\Code_to_convert\trail\3D_recon\3d_spectrum_data\spectrum_964.hist
10,7,4,C:\Users\karth\Downloads\Code_to_convert\trail\3D_recon\3d_spectrum_data\spectrum_965.hist
10,7,5,C:\Users\karth\Downloads\Code_to_convert\trail\3D_recon\3d_spectrum_data\spectrum_966.hist
10,7,6,C:\Users\karth\Downloads\Code_to_convert\trail\3D_recon\3d_spectrum_data\spectrum_967.hist
10,7,7,C:\Users\karth\Downloads\Code_to_convert\trail\3D_recon\3d_spectrum_data\spectrum_968.hist
10,7,8,C:\Users\karth\Downloads\Code_to_convert\trail\3D_recon\3d_spectrum_data\spectrum_969.hist
10,7,9,C:\Users\karth\Downloads\Code_to_convert\trail\3D_recon\3d_spectrum_data\spectrum_970.hist
10,8,0,C:\Users\karth\Downloads\Code_to_convert\trail\3D_recon\3d_spectrum_data\spectrum_971.hist
10,8,1,C:\Users\karth\Downloads\Code_to_convert\trail\3D_recon\3d_spectrum_data\spectrum_972.hist
10,8,2,C:\Users\karth\Downloads\Code_to_convert\trail\3D_recon\3d_spectrum_data\spectrum_973.hist
10,8,3,C:\Users\karth\Downloads\Code_to_convert\trail\3D_recon\3d_spectrum_data\spectrum_974.hist
10,8,4,C:\Users\karth\Downloads\Code_to_convert\trail\3D_recon\3d_spectrum_data\spectrum_975.hist
10,8,5,C:\Users\karth\Downloads\Code_to_convert\trail\3D_recon\3d_spectrum_data\spectrum_976.hist
10,8,6,C:\Users\karth\Downloads\Code_to_convert\trail\3D_recon\3d_spectrum_data\spectrum_977.hist
10,8,7,C:\Users\karth\Downloads\Code_to_convert\trail\3D_recon\3d_spectrum_data\spectrum_978.hist
10,8,8,C:\Users\karth\Downloads\Code_to_convert\trail\3D_recon\3d_spectrum_data\spectrum_979.hist
10,8,9,C:\Users\karth\Downloads\Code_to_convert\trail\3D_recon\3d_spectrum_data\spectrum_980.hist
10,9,0,C:\Users\karth\Downloads\Code_to_convert\trail\3D_recon\3d_spectrum_data\spectrum_981.hist
10,9,1,C:\Users\karth\Downloads\Code_to_convert\trail\3D_recon\3d_spectrum_data\spectrum_982.hist
10,9,2,C:\Users\karth\Downloads\Code_to_convert\trail\3D_recon\3d_spectrum_data\spectrum_983.hist
10,9,3,C:\Users\karth\Downloads\Code_to_convert\trail\3D_recon\3d_spectrum_data\spectrum_984.hist
10,9,4,C:\Users\karth\Downloads\Code_to_convert\trail\3D_recon\3d_spectrum_data\spectrum_985.hist
10,9,5,C:\Users\karth\Downloads\Code_to_convert\trail\3D_recon\3d_spectrum_data\spectrum_986.hist
10,9,6,C:\Users\karth\Downloads\Code_to_convert\trail\3D_recon\3d_spectrum_data\spectrum_987.hist
10,9,7,C:\Users\karth\Downloads\Code_to_convert\trail\3D_recon\3d_spectrum_data\spectrum_988.hist
10,9,8,C:\Users\karth\Downloads\Code_to_convert\trail\3D_recon\3d_spectrum_data\spectrum_989.hist
10,9,9,C:\Users\karth\Downloads\Code_to_convert\trail\3D_recon\3d_spectrum_data\spectrum_990.hist
10,10,0,C:\Users\karth\Downloads\Code_to_convert\trail\3D_recon\3d_spectrum_data\spectrum_991.hist
10,10,1,C:\Users\karth\Downloads\Code_to_convert\trail\3D_recon\3d_spectrum_data\spectrum_992.hist
10,10,2,C:\Users\karth\Downloads\Code_to_convert\trail\3D_recon\3d_spectrum_data\spectrum_993.hist
10,10,3,C:\Users\karth\Downloads\Code_to_convert\trail\3D_recon\3d_spectrum_data\spectrum_994.hist
10,10,4,C:\Users\karth\Downloads\Code_to_convert\trail\3D_recon\3d_spectrum_data\spectrum_995.hist
10,10,5,C:\Users\karth\Downloads\Code_to_convert\trail\3D_recon\3d_spectrum_data\spectrum_996.hist
10,10,6,C:\Users\karth\Downloads\Code_to_convert\trail\3D_recon\3d_spectrum_data\spectrum_997.hist
10,10,7,C:\Users\karth\Downloads\Code_to_convert\trail\3D_recon\3d_spectrum_data\spectrum_998.hist
10,10,8,C:\Users\karth\Downloads\Code_to_convert\trail\3D_recon\3d_spectrum_data\spectrum_999.hist
10,10,9,C:\Users\karth\Downloads\Code_to_convert\trail\3D_recon\3d_spectrum_data\spectrum_1000.hist
